Date;URALS_price;BRENT_price;RUBLE_EXCHrate;IMOEX_CLOSE;MIACR_RatePerDay;CPI_HighFreq;VIX_volatility
02.09.2020;-0,0218436;-0,025230364;-0,002967323;-0,006218487;0,0412;-0,001195696;26,57
03.09.2020;-0,06565431;-0,008102633;0,003722231;-0,008313885;0,0413;-0,002378184;33,6
04.09.2020;-0,015296367;-0,031994554;0,021787519;-0,003536931;0,0412;-0,000137732;30,75
05.09.2020;0;0;-0,00378571;0;0,0412;0,000330362;30,75
06.09.2020;0;0;0;0;0,0412;0,00011807;30,75
07.09.2020;-0,016262136;-0,015236756;0;0,003676131;0,0403;-3,02405E-05;30,75
08.09.2020;-0,050826548;-0,053082599;0,00543612;-0,014834822;0,0426;0,001333536;31,46
09.09.2020;0,035872108;0,025389643;0,004941064;-0,004403228;0,0414;0,002056779;28,81
10.09.2020;-0,007528231;-0,017896543;0,00140592;0,007468525;0,0412;0,000498111;29,71
11.09.2020;-0,014412137;-0,005741388;-0,007149871;0,004472744;0,0412;0,00173736;26,87
12.09.2020;0;0;-0,008444617;0;0,0412;-0,0007065;26,87
13.09.2020;0;0;0;0;0,0412;-0,000429259;26,87
14.09.2020;-0,013853258;-0,005523475;0;0,006139817;0,0413;0,002106347;25,85
15.09.2020;0,014828304;0,023226458;-0,002334102;0,017825555;0,0417;-0,000163065;25,59
16.09.2020;0,045372981;0,041697508;0,006338771;-0,001868764;0,0423;0,002216469;26,04
17.09.2020;0,035801864;0,025580294;-0,00346596;-0,001099156;0,0427;-0,003533034;26,46
18.09.2020;0,00094697;-0,003464203;0,003554088;-0,006713239;0,0419;-0,001408462;25,83
19.09.2020;0;0;-0,002157084;0;0,0419;0,000123543;25,83
20.09.2020;0;0;0;0;0,0419;0,00015044;25,83
21.09.2020;-0,053216651;-0,0396292;0;-0,029853072;0,0418;0,000183985;27,78
22.09.2020;0,020484637;0,006756757;0,013410296;0,007329755;0,0418;0,001658577;26,86
23.09.2020;0,012239902;0,001198466;0,003064253;0,010999563;0,0421;-0,004397555;28,58
24.09.2020;-0,01185006;0,004069907;0,001093468;-0,001244689;0,0412;0,001250865;28,51
25.09.2020;0,006852668;-0,000476872;0,010785219;-0,00546904;0,0421;0,00325345;26,38
26.09.2020;0;0;-0,004645106;0;0,0421;0,000113523;26,38
27.09.2020;0;0;0;0;0,0421;-0,001247792;26,38
28.09.2020;0,013368984;0,012166031;0;0,010473518;0,0421;0;26,19
29.09.2020;-0,024706165;-0,032995522;0,024105859;-0,005824739;0,0419;0,000872301;26,27
30.09.2020;-0,004181013;-0,001949793;0,012878902;-0,001481039;0,0417;-0,002916096;26,37
01.10.2020;-0,025932329;-0,0004884;-0,011292033;-0,005509651;0,0406;0,001722783;26,7
02.10.2020;-0,016227181;-0,040557049;-0,019131887;-0,012935151;0,0391;0,002938474;27,63
03.10.2020;0;0;0,010534775;0;0,0391;-0,000375092;27,63
04.10.2020;0;0;0;0;0,0391;0,000233929;27,63
05.10.2020;0,028865979;0,051438757;0;0,01036313;0,04;-0,003998961;27,96
06.10.2020;0,027304609;0,032937757;0,000468681;0,00382029;0,04;0,005372967;29,48
07.10.2020;-0,018532065;-0,015474795;0,004912445;-0,017424879;0,0419;0,000289675;28,06
08.10.2020;0,03378882;0,032150512;-0,00534696;0,001340332;0,042;-2,2105E-05;26,36
09.10.2020;0,008892093;-0,011305953;-0,002258871;-0,004321263;0,0425;-0,000242194;25
10.10.2020;0;0;-0,011387949;0;0,0425;0,000136197;25
11.10.2020;0;0;0;0;0,0425;-0,000582142;25
12.10.2020;-0,03406384;-0,026371062;0;0,004251806;0,0421;9,9611E-05;25,07
13.10.2020;0,020715166;0,017497603;-5,842E-05;-0,00594138;0,0422;0,001570615;26,07
14.10.2020;0,007489732;0,0204947;0,003396348;0,009490215;0,0419;0;26,4
15.10.2020;-0,016306954;-0,003693444;-0,000124215;-0,013581552;0,0422;0,000212903;26,97
16.10.2020;0,01243296;-0,005329008;0,00867282;-0,006300381;0,0425;0,000834463;27,41
17.10.2020;0;0;0,000234778;0;0,0425;-0,000766537;27,41
18.10.2020;0;0;0;0;0,0425;0,001730969;27,41
19.10.2020;0,005778955;-0,007221058;0;-0,001882452;0,0419;-0,000314668;29,18
20.10.2020;-0,018673689;0,012670108;-0,000516903;0,003145723;0,042;0,001657754;29,35
21.10.2020;-0,01756526;-0,03313253;-0,001874901;-0,006004153;0,0421;0,001613094;28,65
22.10.2020;0,035013658;0,01749341;-0,00958883;0,0060799;0,0421;-5,78079E-05;28,11
23.10.2020;-0,006477927;-0,016250589;0,000632203;0,004826678;0,0421;0,0003303;27,55
24.10.2020;0;0;-0,007968252;0;0,0421;-0,000353208;27,55
25.10.2020;0;0;0;0;0,0421;0,000302744;27,55
26.10.2020;-0,037913547;-0,031362222;0;-0,01104484;0,0421;-5,28923E-05;32,46
27.10.2020;0,018574297;0,018289669;-0,000292938;-0,008098823;0,042;0,001679873;33,35
28.10.2020;-0,046574667;-0,050485437;0,00014782;-0,02517888;0,0423;0,000228139;40,28
29.10.2020;-0,044197467;-0,037576687;0,014340349;0,005784381;0,0424;0,001415851;37,59
30.10.2020;0,00378583;-0,005046481;0,016993759;-0,006810531;0,0423;0,000804842;38,02
31.10.2020;0;0;0,00586282;0;0,0423;-0,000152929;38,02
01.11.2020;0;0;0;0;0,0423;0,001316779;38,02
02.11.2020;0,003232759;0,040309664;0;0,017449704;0,0416;0,000656099;37,13
03.11.2020;0,041621912;0,018988966;0,015663229;0,017855447;0,0408;0,00041597;35,55
04.11.2020;0,029646816;0,038277512;-0,00712753;0;0,0408;0,002805075;29,57
05.11.2020;0,007761642;-0,007276255;0;0,026905492;0,0413;-0,000662708;27,58
06.11.2020;-0,027826087;-0,036159296;-0,019308605;0,011962717;0,0406;0,00131106;24,86
07.11.2020;0;0;-0,016167044;0;0,0406;0,001763509;24,86
08.11.2020;0;0;0;0;0,0406;0,000136776;24,86
09.11.2020;0,073345259;0,0747782;0;0,03181702;0,0381;-0,001953619;25,75
10.11.2020;0,011904762;0,028537736;-0,00305749;0,003634842;0,0381;0,002850729;24,8
11.11.2020;0,033176471;0,004356799;-0,007195441;0,00547587;0,0411;0,000927581;23,45
12.11.2020;-0,011842405;-0,006164384;-0,002490909;0,003582054;0,0412;-0,000528993;25,35
13.11.2020;-0,020281171;-0,017229497;0,011905652;-0,000201598;0,0415;-0,001394386;23,1
14.11.2020;0;0;0,002741367;0;0,0415;-0,000255817;23,1
15.11.2020;0;0;0;0;0,0415;0;23,1
16.11.2020;0,030345801;0,024310425;0;0,01802183;0,0413;0,001714756;22,45
17.11.2020;-0,021461187;-0,001597444;-0,00525695;-0,008935819;0,0414;0,001829915;22,71
18.11.2020;0,022165189;0,013485714;-0,008667481;0,009324361;0,0408;0,000958031;23,84
19.11.2020;-0,003880393;-0,00315742;-0,004277864;-0,011098199;0,0409;0,000327864;23,11
20.11.2020;0,009624198;0,01719457;0,004423998;0,001493522;0,0406;0,00199704;23,7
21.11.2020;0;0;-0,003287321;0;0,0406;-0,001291901;23,7
22.11.2020;0;0;0;0;0,0406;-0,00016527;23,7
23.11.2020;0,033817522;0,024466192;0;-0,001304473;0,0403;5,43273E-06;22,66
24.11.2020;0,042371021;0,039079462;-0,003315266;0,016008874;0,0402;0;21,64
25.11.2020;0,003159225;0,015670706;0,000720697;0,012494186;0,0405;-0,000658336;21,25
26.11.2020;-0,009657779;-0,016663238;-0,004509685;0,001308015;0,0407;0,002460169;21,25
27.11.2020;0,008903964;0,007949791;-0,000276921;0,001293562;0,0406;-0,003407749;20,84
28.11.2020;0;0;0,005408751;0;0,0406;-0,000180061;20,84
29.11.2020;0;0;0;0;0,0406;0,001784903;20,84
30.11.2020;-0,014078588;-0,012245745;0;-0,011168811;0,0408;0;20,57
01.12.2020;0,021099744;-0,003572179;0,004481946;0,012939329;0,0408;0,00127177;20,77
02.12.2020;0,016489251;0,017503163;0,001580055;0,013285511;0,0406;-0,00058426;21,17
03.12.2020;0,008829569;0,009533679;-0,009240006;-0,008446174;0,0404;0;21,28
04.12.2020;0,015265622;0,011086019;-0,005494934;0,006971957;0,0401;0;20,79
05.12.2020;0;0;-0,012589163;0;0,0401;0;20,79
06.12.2020;0;0;0;0;0,0401;0;20,79
07.12.2020;-0,016639936;-0,009340102;0;0,003253033;0,0376;0,00045646;21,3
08.12.2020;-0,000815494;0,0010248;-3,09752E-05;-0,004841819;0,037;0,00018852;20,68
09.12.2020;-0,00346868;0,0004095;-0,007929902;0,010079853;0,0408;-8,58808E-05;22,27
10.12.2020;0,046273546;0,028448629;-0,004834256;0,014525199;0,0418;0;22,52
11.12.2020;-0,017808219;-0,005572139;0,005548;0,005607201;0,042;0;23,31
12.12.2020;0;0;-0,008043423;0;0,042;0;23,31
13.12.2020;0;0;0;0;0,042;0;23,31
14.12.2020;-0,010161387;0,006403842;0;-0,006638019;0,0422;0;24,72
15.12.2020;0,024959742;0,009345794;-0,002629941;-0,002064624;0,0426;0,000795374;22,89
16.12.2020;-0,006873527;0,006304177;0,007104345;0,00672391;0,0432;0,002519776;22,5
17.12.2020;0,013446708;0,008222396;-0,000343112;0,003889968;0,0432;0;21,93
18.12.2020;0,018536585;0,014757282;-0,00602015;-0,0027173;0,0429;-0,004272638;21,57
19.12.2020;0;0;0,004623305;0;0,0429;0,001057573;21,57
20.12.2020;0;0;0;0;0,0429;-0,000364912;21,57
21.12.2020;-0,041762452;-0,025832377;0;-0,026688049;0,0429;1,93203E-05;25,16
22.12.2020;0,005597761;-0,01630328;0,018503591;0,015716895;0,0426;0,001021589;24,23
23.12.2020;0,021073559;0,022364217;0,009075679;0,00483244;0,042;0,000347055;23,31
24.12.2020;-0,013045171;0,001757812;0,001424025;-0,004680053;0,0418;0,001463909;21,53
25.12.2020;0;0;-0,008188759;0,002925657;0,0413;9,5004E-05;21,53
26.12.2020;0;0;-0,015327529;0;0,0413;0,000244004;21,53
27.12.2020;0;0;0;0;0,0413;-0,000258424;21,53
28.12.2020;0;-0,008383701;0;0,003881282;0,0423;0;21,7
29.12.2020;0,002367331;0,004522218;0,000344677;0,00482364;0,0419;0,000659516;23,08
30.12.2020;-0,003345798;0,004893326;-0,00082477;0,004382121;0,0433;0,000774294;22,77
31.12.2020;0,006516588;0,008959875;0,002973253;0;0,0461;0;22,75
01.01.2021;0;0;0;0;0,0461;-0,000471173;22,75
02.01.2021;0;0;0;0;0,0461;0;22,75
03.01.2021;0;0;0;0;0,0461;0,000706283;22,75
04.01.2021;-0,01177163;-0,013706564;0;0,018695538;0,0461;2,68861E-05;26,97
05.01.2021;0,04546357;0,049128988;0;0,002578712;0,0461;0;25,34
06.01.2021;0,032282567;0,013059701;0;0,003536609;0,0461;0;25,07
07.01.2021;-0,005150846;0,001473297;0;0;0,0461;0;22,37
08.01.2021;0,019230769;0,029606473;0;0,024855905;0,0461;0;21,56
09.01.2021;0;0;0;0;0,0461;0;21,56
10.01.2021;0;0;0;0;0,0461;0;21,56
11.01.2021;-0,00308418;-0,00589391;0;0,008006206;0,0427;0;24,08
12.01.2021;0,020746133;0,016528926;0,0086632;-0,003109853;0,0419;-0,000837055;23,33
13.01.2021;-0,003387413;-0,009190527;-0,003346946;-0,000400386;0,0423;0,003275045;22,21
14.01.2021;-0,013237925;0,006421691;-0,009962796;0,005933273;0,0424;-3,27849E-05;23,25
15.01.2021;-0,007795504;-0,023395959;0,00366807;-0,011429881;0,0426;7,05489E-05;24,34
16.01.2021;0;0;-0,003398554;0;0,0426;5,87049E-06;24,34
17.01.2021;0;0;0;0;0,0426;0;24,34
18.01.2021;-0,002375297;-0,006352087;0;0,006076588;0,0431;-0,00072223;24,34
19.01.2021;0,018864469;0,021004566;0,005822262;-0,008263439;0,0431;0,001943104;23,24
20.01.2021;0,008089161;0,003220036;-0,003368774;0,006845317;0,0437;5,71606E-05;21,58
21.01.2021;-0,007310984;0,000356633;-0,005009203;-0,012729318;0,0437;0,005424314;21,32
22.01.2021;-0,008262978;-0,012299465;0,000196306;-0,01161374;0,0432;0,000617306;21,91
23.01.2021;0;0;0,013521986;0;0,0432;-0,002863988;21,91
24.01.2021;0;0;0;0;0,0432;0,000489052;21,91
25.01.2021;-0,003260279;0,008482223;0;0,004303974;0,0432;-5,72257E-05;23,19
26.01.2021;0,013265492;0,000536865;0,00666205;-0,001977937;0,0436;0,001215391;23,02
27.01.2021;0,005918221;-0,001788589;0,010399843;-0,013902488;0,043;0,004552058;37,21
28.01.2021;-0,010162239;-0,005017022;-0,007871975;-0,000481514;0,0431;0,001286808;30,21
29.01.2021;0,005223343;0,006302899;0,015263859;-0,019428428;0,0443;0,000446278;33,09
30.01.2021;0;0;0,000883371;0;0,0443;0,002425035;33,09
31.01.2021;0;0;0;0;0,0443;-0,001738519;33,09
01.02.2021;0,011467479;0,00841088;0;0,004290405;0,0426;0;30,24
02.02.2021;0,025863596;0,019698314;-0,00980162;0,020998803;0,0415;-0,000138881;25,56
03.02.2021;0,01381454;0,017403411;0,005294993;-0,004996652;0,0408;0,005552969;22,91
04.02.2021;-0,001021972;0,006500171;0,00230551;0,008536067;0,0407;0,000549344;21,77
05.02.2021;0,017902813;0,008497621;-0,00461093;0,006147687;0,0384;-0,00037218;20,87
06.02.2021;0;0;-0,008168569;0;0,0384;0,000416278;20,87
07.02.2021;0;0;0;0;0,0384;-0,000247718;20,87
08.02.2021;-0,000335008;0,020559488;0;0,015671745;0,036;0;21,24
09.02.2021;0,001340483;0,008751651;-0,011323287;-0,005525407;0,0423;0;21,63
10.02.2021;0,014725569;0,006220331;-0,001898729;-0,007937295;0,0418;-0,001891924;21,99
11.02.2021;0,002308707;-0,005368472;-0,003596909;0,004312196;0,0407;-0,000780136;21,25
12.02.2021;0,001316222;0,021099117;-0,001282284;0,003737201;0,0398;-0,000948452;19,97
13.02.2021;0;0;0,002439061;0;0,0398;0,001223955;19,97
14.02.2021;0;0;0;0;0,0398;-0,001012516;19,97
15.02.2021;0,034341111;0,013935608;0;0,015996125;0,0394;-1,05084E-05;19,97
16.02.2021;-0,006195393;0,000789889;-0,008501741;0,003836986;0,0392;0,000708537;21,46
17.02.2021;0,012787724;0,015627466;-0,000268725;-0,016725508;0,0403;0,001978742;21,5
18.02.2021;0,003156566;-0,006372397;0,006513894;-0,01065817;0,0412;-0,003157228;22,49
19.02.2021;-0,016677155;-0,015954951;0,000116583;0,01691386;0,0406;0,000123661;22,05
20.02.2021;0;0;0,002659419;-0,00328544;0,0405;0,000561587;22,05
21.02.2021;0;0;0,000156817;0;0,0405;0,000749351;22,05
22.02.2021;0,0072;0,037037037;0;-0,003595139;0,0405;0;23,45
23.02.2021;0,017156473;0,001992643;0;0;0,0405;4,50477E-05;23,11
24.02.2021;0,023895049;0,025546887;0;-0,014109198;0,0412;-0,001254354;21,34
25.02.2021;0,006711409;-0,002386635;-0,003110161;0,007171804;0,0419;0,001754986;28,89
26.02.2021;-0,016363636;-0,011214115;-0,003776107;-0,018511567;0,0421;0,002463859;27,95
27.02.2021;0;0;0,013101108;0;0,0421;0,000749457;27,95
28.02.2021;0;0;0;0;0,0421;-0,000137723;27,95
01.03.2021;-0,005699322;-0,036897021;0;0,011808859;0,0407;0,000156099;23,35
02.03.2021;-0,028814872;-0,015544041;-0,005272894;0,007069955;0,0406;0,002300424;24,1
03.03.2021;0,011963631;0,02185008;0,007167283;0,001741884;0,0411;-0,003845344;26,67
04.03.2021;0,047131148;0,04167317;-0,014170874;-0,005409773;0,0408;-0,000226409;28,57
05.03.2021;0,024687641;0,039256818;0,00364125;0,004877029;0,0401;-0,001206502;24,66
06.03.2021;0;0;0,008688593;0;0,0401;-0,000162498;24,66
07.03.2021;0;0;0;0;0,0401;0;24,66
08.03.2021;-0,009842809;-0,016147636;0;0;0,0401;0,011012502;25,47
09.03.2021;-0,022848665;-0,010550996;0;0,018918436;0,0424;0;24,03
10.03.2021;-0,006225326;0,005627962;-0,002196769;-0,004501656;0,0411;-0,003221865;22,56
11.03.2021;0,037433155;0,025478645;-0,003025692;0,013124231;0,0417;-0,001237204;21,91
12.03.2021;-0,004270987;-0,005888267;-0,007289372;0,008832809;0,0415;0,002499155;20,69
13.03.2021;0;0;0,000115647;0;0,0415;0,001210436;20,69
14.03.2021;0;0;0;0;0,0415;-0,000731475;20,69
15.03.2021;-0,010353498;-0,004911875;0;0,012710835;0,0417;-0,001484795;20,03
16.03.2021;-0,012853086;-0,007113821;-0,00376013;0,001489752;0,0417;0,00312793;19,79
17.03.2021;-0,006207419;-0,005702588;-0,003684197;-0,022820022;0,0413;-0,00403595;19,23
18.03.2021;-0,035191956;-0,069411765;0,00191881;-0,000872314;0,0414;0,0029346;21,58
19.03.2021;-0,019579978;0,019753477;0,007609925;-0,008442587;0,0416;0,001734178;20,95
20.03.2021;0;0;0,006527447;0;0,0416;-0,001259143;20,95
21.03.2021;0;0;0;0;0,0416;0,000444467;20,95
22.03.2021;0,003221131;0,0013947;0;0,003973803;0,0427;3,50101E-05;18,88
23.03.2021;-0,033392198;-0,059269576;0,006332699;-0,00626528;0,0427;0,001096225;20,3
24.03.2021;0,032386647;0,059549268;0,010052474;0,005226104;0,043;0,002239443;21,2
25.03.2021;-0,036518662;-0,038192827;0,010549573;-0,013206784;0,0447;-0,000111367;19,81
26.03.2021;0,041075305;0,042292171;0,000270506;0,014691943;0,0442;0,000893313;18,86
27.03.2021;0;0;-0,005467738;0;0,0442;0,001018678;18,86
28.03.2021;0;0;0;0;0,0442;-0,001078064;18,86
29.03.2021;-0,00978348;0,006349698;0;0,011318603;0,0446;-5,26142E-05;20,74
30.03.2021;0,005021056;-0,012927054;0,00093852;-0,001161694;0,0448;0,000322048;19,61
31.03.2021;-0,006768735;-0,009354537;-0,001666915;0,004677709;0,0445;-0,000200631;19,4
01.04.2021;-0,020769106;0,020774315;-0,000858626;-0,004003704;0,0448;0,003583555;17,33
02.04.2021;0;0;0,002247568;0,008697279;0,0442;0,002048459;17,33
03.04.2021;0;0;0,003510216;0;0,0442;-0,00032595;17,33
04.04.2021;0;0;0;0;0,0442;0,000229385;17,33
05.04.2021;0;-0,0417823;0;-0,009355801;0,0424;-6,35517E-06;17,91
06.04.2021;-0,001657001;0,009493162;0,006990617;-0,008805849;0,0424;0,002562676;18,12
07.04.2021;-0,024896266;0,006694294;-0,002937137;0,00184608;0,0441;0,000323357;17,16
08.04.2021;0,016680851;0,000633312;0,018235092;0,002139792;0,0446;-0,000183667;16,95
09.04.2021;0,005524862;-0,003955696;-0,008639245;-0,006214668;0,0447;0,001542853;16,69
10.04.2021;0;0;0,000837861;0;0,0447;-0,000311398;16,69
11.04.2021;0;0;0;0;0,0447;0,000426633;16,69
12.04.2021;0,01032301;0,005242256;0;0,010504786;0,0455;-3,50077E-05;16,91
13.04.2021;0,005767963;0,006163085;0,004467011;0,001036152;0,0457;0,001376023;16,65
14.04.2021;0,04522366;0,045704413;-0,003314394;0,014346482;0,0448;0,001610255;16,99
15.04.2021;-0,000627058;0,005407029;-0,020334354;-0,002342817;0,0449;0,001614243;16,57
16.04.2021;0,002980392;-0,002539588;0,017153216;0,008387254;0,0447;-0,00015229;16,25
17.04.2021;0;0;-0,018540987;0;0,0447;0,000737291;16,25
18.04.2021;0;0;0;0;0,0447;0,000156952;16,25
19.04.2021;0,007037848;0,0041935;0;-0,0067696;0,0438;6,51771E-05;17,29
20.04.2021;-0,030128902;-0,007158837;0,009206721;-0,006063099;0,0439;0,001218376;18,68
21.04.2021;0,001761409;-0,018777227;-0,003063643;0,002620756;0,0438;0,000955714;17,5
22.04.2021;0,008951407;0,00122474;0,010580737;0,010845883;0,0439;0,003158843;18,71
23.04.2021;0,00792142;0,010856269;-0,005182258;-0,000883247;0,0442;-0,002784589;17,33
24.04.2021;0;0;-0,017434839;0;0,0442;0,000903744;17,33
25.04.2021;0;0;0;0;0,0442;-0,000481673;17,33
26.04.2021;-0,001414649;-0,0069581;0;0,003839129;0,0482;-0,001282601;17,64
27.04.2021;0,002203683;0,011728865;-0,004278905;-0,002874566;0,0465;0,001179263;17,56
28.04.2021;0,027799592;0,01279735;0,002538519;-0,006243404;0,0487;0,001711576;17,28
29.04.2021;0,007793399;0,019176453;-0,000250808;-0,001975898;0,0489;0,000479312;17,61
30.04.2021;-0,003942381;-0,019107351;-0,007428709;-0,007574803;0,0485;0,000281683;18,61
01.05.2021;0;0;0,00622191;0;0,0485;3,41232E-05;18,61
02.05.2021;0;0;0;0;0,0485;0,001384571;18,61
03.05.2021;0;0,004609665;0;0;0,0485;0;18,31
04.05.2021;0,023291216;0,019538188;0;0,009370767;0,0472;-0,001776079;19,48
05.05.2021;0,01814936;0,00116144;0,005499358;0,018547975;0,0464;0,002071768;19,15
06.05.2021;-0,019140853;-0,012616009;-0,005248702;0,00403726;0,0436;0,00327964;18,39
07.05.2021;-0,006852376;0,002790424;-0,003803013;0,006675286;0,0432;0;16,69
08.05.2021;0;0;-0,00589592;0;0,0432;0;16,69
09.05.2021;0;0;0;0;0,0432;0;16,69
10.05.2021;-0,00359982;0,000585823;0;0,003282926;0,0432;0;19,66
11.05.2021;0,004214963;0,003366511;0;-0,011564965;0,0443;0;21,84
12.05.2021;0,027282267;0,011232677;0,000261677;0,000572281;0,0476;-0,005118542;27,59
13.05.2021;-0,032394572;-0,032746682;-0,001573695;-0,004586579;0,0485;0,001859881;23,13
14.05.2021;0,018096818;0,024757644;0,004276067;6,04831E-05;0,05;-0,000370525;18,81
15.05.2021;0;0;-0,004838844;0;0,05;-0,000440096;18,81
16.05.2021;0;0;0;0;0,05;4,96046E-05;18,81
17.05.2021;0,005925048;0,010915442;0;0,000552562;0,05;0,00190057;19,72
18.05.2021;0,002208806;-0,010797581;-0,001933867;0,01328439;0,05;-0,001328527;21,34
19.05.2021;-0,047605054;-0,029835541;-0,002091974;-0,014425319;0,0491;-0,001772696;22,18
20.05.2021;0,000617093;-0,023252325;-0,00029037;0,00038517;0,0485;0,001226922;20,67
21.05.2021;0,006012951;0,02042697;-0,001046448;0,006688375;0,0484;0,001442254;20,15
22.05.2021;0;0;-0,000277171;0;0,0484;0,001463341;20,15
23.05.2021;0;0;0;0;0,0484;0;20,15
24.05.2021;0,021302682;0,030403371;0;0,000554572;0,048;-3,22029E-05;18,4
25.05.2021;0,005852341;0,002775343;-0,000729815;0,006621142;0,0485;0,001061027;18,84
26.05.2021;0,003729673;0,003204661;-0,001772148;0,006588441;0,0492;-0,000113732;17,36
27.05.2021;0,001189061;0,008566865;0,001054549;0,007445332;0,0497;-0,000315545;16,74
28.05.2021;0,00564133;0,002447452;-0,000213682;-0,002174564;0,0497;-0,002393038;16,76
29.05.2021;0;0;0,001756106;0;0,0497;-0,001729714;16,76
30.05.2021;0;0;0;0;0,0497;0,000137466;16,76
31.05.2021;0;-0,004452104;0;-0,002391068;0,0495;0;16,76
01.06.2021;0,015795689;0,013416042;-0,003947708;0,011543329;0,0486;0,000639268;17,9
02.06.2021;0,001453277;0,015658363;-0,000755834;0,014102465;0,0477;0,001027036;17,48
03.06.2021;-0,00043535;-0,000560617;0,003506228;-0,003203516;0,0481;0,00085678;18,04
04.06.2021;0,013356562;0,008133502;-0,003187846;0,000520306;0,0477;0,001509466;16,42
05.06.2021;0;0;0,000116019;0;0,0477;-0,001868664;16,42
06.06.2021;0;0;-0,004677087;0;0,0477;-0,001509928;16,42
07.06.2021;-0,003151862;-0,005564056;-0,001423294;0,003881884;0,0476;0;16,42
08.06.2021;-0,009772923;0,010211218;-0,010198337;-0,003866873;0,0448;-0,001727734;17,07
09.06.2021;0,008708273;0;0,001588449;0,0094158;0,0474;0,003840385;17,89
10.06.2021;0,002302158;0,004153974;-0,007170618;-0,004051227;0,0499;0,002373974;16,1
11.06.2021;0,005024404;0,002344181;0;0,003610514;0,0505;2,26262E-07;15,65
12.06.2021;0;0;0;0;0,0505;-0,001346853;15,65
13.06.2021;0;0;0;0;0,0505;-0,000185916;15,65
14.06.2021;0,010284245;0,002338699;0,00212194;0,004854836;0,0519;0;16,39
15.06.2021;0,006786371;0,015509196;0,002791243;-0,009787108;0,0535;-0,001827788;17,02
16.06.2021;0,018677152;0,005406136;0,006559557;0,001901946;0,0538;-0,000359202;18,15
17.06.2021;-0,020953956;-0,017609894;-0,003905948;-0,002767863;0,0536;0,001050215;17,75
18.06.2021;0,002816108;0,005883963;0,013529193;-0,004220923;0,0533;-0,001230556;20,7
19.06.2021;0;0;-0,000445363;0;0,0533;0,000903373;20,7
20.06.2021;0;0;-0,006820098;0;0,0533;-0,001396531;20,7
21.06.2021;0,01081157;0,018908992;-0,004694009;0,002761014;0,0521;0,000152645;17,89
22.06.2021;0,012918461;-0,001201602;-0,002165196;0,002158151;0,052;0,001630289;16,66
23.06.2021;0,011519473;0,005079535;0;0,004047958;0,0512;-0,00126588;16,32
24.06.2021;0,000677874;0,004920867;0;-0,003572964;0,051;0,000134713;15,97
25.06.2021;0,00541932;0,0082054;0,000115007;0,002196974;0,0537;0,000151748;15,62
26.06.2021;0;0;0,002696124;0;0,0537;0,001020418;15,62
27.06.2021;0;0;0,004851304;0;0,0537;-0,001099522;15,62
28.06.2021;-0,011184476;-0,019690207;0,002546636;-0,00163629;0,0546;0;15,76
29.06.2021;0,000681385;0,001071237;0,009723133;-0,009075772;0,0541;0,000282802;16,02
30.06.2021;0,02015525;0,004949171;0;0,013453447;0,0532;0;15,83
01.07.2021;-0,003337338;0,009450286;0;0,004286997;0,0506;-0,000169294;15,48
02.07.2021;0,00254487;0,004351266;-0,003579312;0,001840179;0,0521;0;15,07
03.07.2021;0;0;-0,001199662;0;0,0521;0,000197266;15,07
04.07.2021;0;0;0,010809925;0;0,0521;-0,004075203;15,07
05.07.2021;0,008416834;0,012997243;0,015355532;0,004441949;0,0527;0;15,07
06.07.2021;-0,026629571;-0,034085018;-0,009677479;0,000440428;0,0527;-8,40171E-05;16,44
07.07.2021;-0,028855315;-0,014759157;0;0,002780424;0,0535;0,00091422;16,2
08.07.2021;0,00840925;0,009396704;0;-0,00873405;0,0542;0,001020521;19
09.07.2021;0,039749826;0,019293038;0,002230503;-0,001494401;0,0553;-0,000326868;16,18
10.07.2021;0;0;-0,007700285;0;0,0553;-0,002674611;16,18
11.07.2021;0;0;0,000873629;0;0,0553;-0,00042824;16,18
12.07.2021;-0,007084614;-0,005162144;0,001296483;0,005265465;0,0555;4,11997E-05;16,17
13.07.2021;0,000807754;0,017695583;-0,000728917;0,000366394;0,0559;0,001228834;17,12
14.07.2021;0,003362927;-0,022617336;0;-0,011395321;0,056;0;16,33
15.07.2021;-0,021986862;-0,017255217;0;-0,008578473;0,0561;0;17,01
16.07.2021;-0,013159698;0,00163332;0,00243644;-0,00784743;0,057;0,000273426;18,45
17.07.2021;0;0;0,001946297;0;0,057;0,001979327;18,45
18.07.2021;0;0;4,96704E-05;0;0,057;-0,001886238;18,45
19.07.2021;-0,065286845;-0,06753635;-0,010741704;-0,020351975;0,0578;0,000974963;22,5
20.07.2021;-0,000594442;0,010638298;0,000974293;0,002972854;0,0583;0;19,73
21.07.2021;0,035092937;0,041528479;0;0,005010258;0,0573;-0,000259812;17,91
22.07.2021;0,01508404;0,021597674;0;0,008455637;0,0568;0;17,69
23.07.2021;0,018397962;0,004201111;0,004496633;-0,005300391;0,0573;0,002232573;17,2
24.07.2021;0;0;-0,003386056;0;0,0573;-0,00019266;17,2
25.07.2021;0;0;-0,003226938;0;0,0573;0;17,2
26.07.2021;-0,002362424;0,005398111;-0,005684103;0,00416651;0,0619;-0,000670193;17,58
27.07.2021;0,00807912;-0,000268456;-0,00070501;-0,004533212;0,0618;0,000288058;19,36
28.07.2021;0,000967252;0,00349087;0;0,013174038;0,065;0,002049231;18,31
29.07.2021;0,010905577;0,017527428;0;0,005829817;0,071;0,001154485;17,7
30.07.2021;0,010105148;0,003681788;-0,001684468;-0,008608612;0,0683;0;18,24
31.07.2021;0;0;-0,001961225;0;0,0683;0;18,24
01.08.2021;0;0;-0,001189751;0;0,0683;0;18,24
02.08.2021;-0,034338245;-0,04506747;0,005252405;0,004380127;0,0622;-0,003164195;19,46
03.08.2021;-0,011619768;-0,006585265;-0,000513886;0,001475674;0,0576;0,000364582;18,04
04.08.2021;-0,006515581;-0,028034802;0;0,004462674;0,0584;0,001961004;17,97
05.08.2021;-0,005560308;0,01292981;0;0,006069878;0,0574;-0,001194331;17,28
06.08.2021;-0,008315412;-0,008276056;0,005160645;-0,007405282;0,0602;-0,002766813;16,15
07.08.2021;0;0;0,001202593;0;0,0602;-0,001010073;16,15
08.08.2021;0;0;0,005072273;0;0,0602;0,000100472;16,15
09.08.2021;-0,03440798;-0,023479491;-0,00544008;0,00781792;0,0619;-0,000142893;16,72
10.08.2021;0,030393772;0,023030127;-0,001291338;0,007094973;0,0628;-0,004250827;16,79
11.08.2021;-0,011333915;0,011468215;0;0,003896622;0,0622;0,004379704;16,06
12.08.2021;0,015726044;-0,001819709;0;0,002963349;0,0629;0,002146883;15,59
13.08.2021;-0,003762118;-0,010096761;-0,00109021;-0,004078316;0,0634;0,002090523;15,45
14.08.2021;0;0;0,001135001;0;0,0634;0;15,45
15.08.2021;0;0;-0,00016332;0;0,0634;0;15,45
16.08.2021;-0,025417574;-0,015299618;0,009351608;0,005760392;0,0647;0;16,12
17.08.2021;0,002831595;-0,006905481;0,002881984;0,012245495;0,0665;0;17,91
18.08.2021;-0,008024967;-0,011589164;0;-0,004524462;0,0648;0;21,57
19.08.2021;-0,051985019;-0,026088231;0;-0,018136794;0,0643;0,000183358;21,67
20.08.2021;0,002370417;-0,019112114;-0,003999247;-0,005521565;0,0642;0,005167849;18,56
21.08.2021;0;0;-0,001621514;0;0,0642;-0,000517316;18,56
22.08.2021;0;0;-0,002754694;0;0,0642;0;18,56
23.08.2021;0,042093647;0,054771402;0,00336304;0,013126517;0,0642;0;17,15
24.08.2021;0,028593041;0,033454545;-5,67638E-05;0,001509139;0,0647;0;17,22
25.08.2021;0,011472275;0,016889514;0;-0,000573431;0,0649;-0,003066124;16,79
26.08.2021;-0,009306384;-0,01633218;0;-0,009023218;0,0647;-0,000189695;18,84
27.08.2021;0,015998826;0,022935134;-0,005571279;0,009297507;0,0644;0,000316286;16,39
28.08.2021;0;0;-0,004027216;0;0,0644;0,00211412;16,39
29.08.2021;0;0;-0,001185893;0;0,0644;-0,000853651;16,39
30.08.2021;0;0,009766162;-0,004674059;0,010577818;0,0645;6,32994E-05;16,19
31.08.2021;0,023981508;-0,005721291;7,41258E-05;-0,002428408;0,0645;0,000407009;16,48
01.09.2021;-0,031038375;-0,01918071;0;0,013284137;0,0629;-0,000418197;16,11
02.09.2021;0,040040769;0,020114541;0;0,004973533;0,061;0,001127885;16,41
03.09.2021;-0,006859863;-0,005751061;0,001362991;0,00273882;0,0628;-0,000212913;16,41
04.09.2021;0;0;0,003250002;0;0,0628;0,001824215;16,41
05.09.2021;0;0;0,003432121;0;0,0628;0,000111079;16,41
06.09.2021;-0,012827742;-0,005371161;-0,004263222;0,00663468;0,0629;0;16,41
07.09.2021;-0,009995716;-0,007338687;-0,005045878;-0,004490784;0,0628;0,001070913;18,14
08.09.2021;0,027549401;0,012693542;0;0,001797933;0,0648;0,001827841;17,96
09.09.2021;0,001965188;-0,01584022;0;-0,005926763;0,0656;0,003662417;18,8
10.09.2021;-0,003222191;0,020573828;0,004454371;0,002278669;0,067;0,000280394;20,95
11.09.2021;0;0;-0,005021612;0;0,067;0,000746815;20,95
12.09.2021;0;0;0,001855134;0;0,067;0,000702794;20,95
13.09.2021;0,00983837;0,008091059;-0,005752759;0,009618604;0,0665;-0,000692322;19,37
14.09.2021;0,002783577;0,001224323;0,001757489;0,003597977;0,0666;0,000100306;19,46
15.09.2021;0,028313671;0,025271739;0;0,002423749;0,0664;0,000338113;18,18
16.09.2021;-0,023080038;0,002782931;0;-0,005025175;0,0669;-0,000444192;18,69
17.09.2021;-0,002348715;-0,004361041;0,010629794;-0,002454822;0,0669;-0,000400441;20,81
18.09.2021;0;0;-0,001701861;0;0,0669;-0,000546481;20,81
19.09.2021;0;0;-0,00445451;0;0,0669;0;20,81
20.09.2021;-0,004846974;-0,01884789;-0,002141859;-0,016247147;0,0671;0;25,71
21.09.2021;-0,008210409;0,005952381;0,003899649;0,000219165;0,0666;-0,000189238;24,36
22.09.2021;0,023011085;0,024610005;0;0,015237452;0,066;0;20,87
23.09.2021;0,019613222;0,013912587;0;0,005249344;0,0655;0;18,63
24.09.2021;0,011030401;0,010873786;-0,004750158;-0,003432754;0,0658;0,00081134;17,75
25.09.2021;0;0;-0,00210566;0;0,0658;0,001831284;17,75
26.09.2021;0;0;0,00348236;0;0,0658;-0,001482417;17,75
27.09.2021;0,024614156;0,018440261;-0,001327638;0,010645753;0,067;0;18,76
28.09.2021;-0,006882223;-0,005532503;0,003540946;-0,00386159;0,0681;0;23,25
29.09.2021;-0,004968619;-0,005689721;0;-0,00174396;0,0677;0;22,56
30.09.2021;-0,003153745;-0,001525941;0;0,011125156;0,0683;0,004023928;23,14
01.10.2021;0,010677564;0,009679063;3,29121E-05;-0,004028249;0,0664;0,00013939;21,15
02.10.2021;0;0;-0,004872202;0;0,0664;0,000416903;21,15
03.10.2021;0;0;-5,51203E-06;0;0,0664;7,76877E-06;21,15
04.10.2021;0,039520021;0,024974773;-0,003897024;0,006295587;0,0662;0,001650224;22,96
05.10.2021;0,018695107;0,015998031;-0,00411148;0,027021047;0,0641;0,001271957;21,3
06.10.2021;-0,021554379;-0,017926357;0;-0,012344188;0,0641;0,000624812;21
07.10.2021;0,010574018;0,010730143;0;0,013498062;0,064;0,000419745;19,54
08.10.2021;0,007473842;0,005369128;-0,00487441;0,002360443;0,0631;0,000161612;18,77
09.10.2021;0;0;0,003389296;0;0,0631;0,001568824;18,77
10.10.2021;0;0;-0,00031163;0;0,0631;0,000176676;18,77
11.10.2021;0,016320475;0,015293118;-0,001017288;0,00987966;0,0654;0;20
12.10.2021;-0,008029197;-0,002749552;-0,007626984;-0,003754787;0,064;0,000671835;19,85
13.10.2021;-0,002207506;-0,002877008;0;-0,004662508;0,0664;0,00172719;18,64
14.10.2021;-0,000737463;0,009858139;0;0,003583951;0,0673;0,004805415;16,86
15.10.2021;0,016728167;0,010238095;-0,000922272;0,000631584;0,068;0,000841721;16,3
16.10.2021;0;0;-0,00286632;0;0,068;-0,000113039;16,3
17.10.2021;0;0;0,001241415;0;0,068;0,00106679;16,3
18.10.2021;-0,005081055;-0,006245581;-0,000916185;-0,003165314;0,0688;0,001524661;16,31
19.10.2021;0,006809339;0,008893632;-0,001804469;0,006574348;0,0688;0,000925347;15,7
20.10.2021;0,004951691;0,008697696;0;0,002633142;0,0687;0,000152467;15,49
21.10.2021;-0,019468814;-0,014099278;0;-0,016067564;0,0688;0,003068539;15,01
22.10.2021;0,016423581;0,010873419;-0,010270623;-0,005136739;0,0697;0,000515285;15,43
23.10.2021;0;0;-0,008296915;0;0,0697;-4,9957E-05;15,43
24.10.2021;0;0;0,003706547;0;0,0697;0,000119815;15,43
25.10.2021;0,006270348;0,00537823;0,010174702;0,013824292;0,0735;0,000582863;15,24
26.10.2021;0,003954464;0,004767996;-9,92616E-06;-0,004491208;0,0732;-0,000482647;15,98
27.10.2021;-0,008116496;-0,021064815;0;-0,001496741;0,0729;6,55892E-05;16,98
28.10.2021;-0,019133574;-0,003074013;0;-0,009426579;0,0732;0;16,53
29.10.2021;0,007238376;0,000711575;0,008030346;-0,009466162;0,0734;0,002071493;16,26
30.10.2021;0;0;0,005514424;0;0,0734;-0,000381527;16,26
31.10.2021;0;0;0,000130109;0;0,0734;0,000127725;16,26
01.11.2021;0,012180268;0,003910879;0;0,017226506;0,0714;-0,000543801;16,41
02.11.2021;-0,000601685;0,00011805;0;-0,003306889;0,0687;0,000776742;16,03
03.11.2021;-0,030463576;-0,032223796;0;-0,005385583;0,0712;-0,00069899;15,1
04.11.2021;-0,003477397;-0,017685084;0;0;0,0712;0,000767262;15,44
05.11.2021;0,010717846;0,02731562;-0,001260358;-0,002415846;0,0712;0,000664597;16,48
06.11.2021;0;0;-0,001553276;0;0,0712;0;16,48
07.11.2021;0;0;-0,008298895;0;0,0712;-0,000590782;16,48
08.11.2021;0,011467324;0,008339376;0,007092439;0,010422156;0,0734;0;17,22
09.11.2021;0,005729611;0,01618123;0,008643695;-0,00733476;0,0749;0,000854842;17,78
10.11.2021;0,00230303;-0,025241802;0;-0,003548801;0,0734;0;18,73
11.11.2021;-0,015842303;0,002783156;0;0,004045565;0,0734;-0,001377409;17,66
12.11.2021;-0,001843205;-0,008446965;0,006413988;-0,016157638;0,0733;-0,000892107;16,29
13.11.2021;0;0;0,003914357;0;0,0733;-0,001870382;16,29
14.11.2021;0;0;0,003686843;0;0,0733;0;16,29
15.11.2021;-0,0204358;-0,001460387;-0,003029271;0,003270527;0,074;0;16,49
16.11.2021;0,019982405;0,004631322;0,002196903;-0,003656466;0,0741;0,000783036;16,37
17.11.2021;-0,010965993;-0,026082737;0;0,007038801;0,0746;-0,000453818;17,11
18.11.2021;0,001993273;0,011958146;0;-0,013297116;0,0748;-4,4296E-05;17,59
19.11.2021;-0,027974636;-0,028926637;0,009467893;-0,018901523;0,0741;0,001618708;17,91
20.11.2021;0;0;0,018816729;0;0,0741;9,05795E-05;17,91
21.11.2021;0;0;-0,006148382;0;0,0741;-0,000166896;17,91
22.11.2021;0,020081862;0,010267461;0,003062956;-0,035777685;0,0734;0;19,17
23.11.2021;0,022068966;0,032747804;0,013229152;0,02260914;0,0734;0,000966304;19,38
24.11.2021;-0,001717581;-0,000728952;0;-0,002466966;0,0728;0,001394645;18,58
25.11.2021;-0,011306378;-0,000364742;0;-0,000693573;0,0747;0;18,58
26.11.2021;-0,110006215;-0,115543663;-0,008010605;-0,034662168;0,0737;0,001514477;28,62
27.11.2021;0;0;-0,001189622;0;0,0737;0,000583243;28,62
28.11.2021;0;0;-0,012257553;0;0,0737;1,14169E-05;28,62
29.11.2021;0,024441341;0,00990099;0,001204467;0,017990123;0,0739;0;22,96
30.11.2021;-0,054669393;-0,039079521;-0,004335457;0,002848276;0,0732;0,000479458;27,19
01.12.2021;0,017450245;-0,024089556;0;0,01765799;0,0715;0,001817066;31,12
02.12.2021;-0,022395464;0,011616088;0;-0,002967704;0,07;0;27,95
03.12.2021;0,021893577;0,00301421;-0,000992642;-0,008734554;0,0722;0,001987214;30,67
04.12.2021;0;0;0,006386641;0;0,0722;0,001275882;30,67
05.12.2021;0;0;-0,003973569;0;0,0722;0,000634287;30,67
06.12.2021;0,002412032;0,045792788;-0,003324518;-0,026311889;0,0723;0,00028057;27,18
07.12.2021;0,054635527;0,032293377;8,28807E-05;0,016561245;0,0729;0,000153636;21,89
08.12.2021;-0,001207892;0,005037116;0;-0,025712589;0,0748;0;19,9
09.12.2021;-0,011690406;-0,018464785;0;0,01051513;0,0748;0;21,58
10.12.2021;-0,008701564;0,009809191;-0,002651961;-0,013914494;0,0747;0;18,69
11.12.2021;0;0;0,00080506;0;0,0747;0,001456731;18,69
12.12.2021;0;0;0,005188526;0;0,0747;5,63586E-05;18,69
13.12.2021;0,000822932;-0,010113107;-0,003794126;-0,037742372;0,074;0,000154602;20,31
14.12.2021;-0,013978347;-0,00927544;0,002204679;0,000298482;0,0737;0;21,89
15.12.2021;-0,010006949;0,002442334;0;0,000671384;0,0736;0;19,29
16.12.2021;0,030043521;0,015430428;0;0,035490444;0,0738;0;20,57
17.12.2021;-0,023988006;-0,019994668;0,007618027;-0,007223307;0,0749;0,002555685;21,57
18.12.2021;0;0;-0,006381343;0;0,0749;0,002567376;21,57
19.12.2021;0;0;-0,000413164;0;0,0749;-1,43834E-05;21,57
20.12.2021;-0,060466415;-0,027203482;-0,005851733;-0,014562468;0,0809;0;22,87
21.12.2021;0,052467301;0,034395973;-0,002313303;0,006533026;0,0784;9,80438E-06;21,01
22.12.2021;0,022595679;0,017707489;0;0,014549068;0,081;0,00347952;18,63
23.12.2021;0,022786908;0,020719883;0;-0,01124975;0,0783;0;17,96
24.12.2021;-0,008101539;-0,009238777;0,000605286;-0,000507477;0,0801;-0,001635687;17,96
25.12.2021;0;0;0,003591282;0;0,0801;0,000624391;17,96
26.12.2021;0;0;0,002115764;0;0,0801;-0,001558962;17,96
27.12.2021;0;0,032308905;0,008705877;0,010238419;0,0817;3,40812E-05;17,68
28.12.2021;0;0,0043257;0;0,009872669;0,083;-3,25705E-05;17,54
29.12.2021;0,037435339;0,003673676;0;-0,009659674;0,0809;0,000393396;16,95
30.12.2021;0,008529064;0,001135933;0;0,012346735;0,0784;-9,22456E-05;17,33
31.12.2021;-0,00078064;-0,019415028;0;0;0,0784;0,000313464;17,22
01.01.2022;0;0;0;0;0,0784;-0,000112432;17,22
02.01.2022;0;0;0;0;0,0784;-1,32752E-05;17,22
03.01.2022;-0,002473958;0,015428131;0;0,017226174;0,0784;-1,1689E-05;16,6
04.01.2022;0,013183657;0,012914662;0;0,00544841;0,0784;0,000261498;16,91
05.01.2022;0,025122391;0,01;0;-0,015087169;0,0784;-0,000372506;19,73
06.01.2022;0,016589167;0,014727723;0;-0,016188517;0,0784;-0,000226843;19,61
07.01.2022;0,001730745;-0,002927186;0,011291838;0,004995617;0,0784;0,000255292;18,76
08.01.2022;0;0;-0,003939759;0;0,0784;0,000177022;18,76
09.01.2022;0;0;-0,004113021;0;0,0784;-0,00017726;18,76
10.01.2022;-0,005800321;-0,010764526;0,000548789;-0,008844021;0,0804;7,78999E-05;19,4
11.01.2022;0,032025819;0,035241746;0,016068426;0,012466967;0,0815;-0,000190496;18,41
12.01.2022;0,017199904;0,011347348;0;0,011798303;0,0818;0,000211173;17,62
13.01.2022;-0,000945962;-0,002362112;0;-0,040527944;0,0814;-4,88602E-05;20,31
14.01.2022;0,008285004;0,018823251;0,00361108;-0,021158017;0,0823;-0,000170048;19,19
15.01.2022;0;0;0,003870311;0;0,0823;0,000411678;19,19
16.01.2022;0;0;0,007008608;0;0,0823;-0,000240488;19,19
17.01.2022;0,022890011;0,004880316;-0,005579572;-0,010183543;0,0828;-8,55583E-05;19,19
18.01.2022;0,008492082;0,011910268;0,003263964;-0,064996419;0,0831;2,59464E-05;22,79
19.01.2022;0,019685935;0,010627357;0;0,032406712;0,0829;7,42996E-05;23,85
20.01.2022;0,005356545;-0,000678426;0;0,023044559;0,0828;-0,000248521;25,59
21.01.2022;-0,011211011;-0,005544241;0,008796419;-0,021834347;0,0829;0,000207263;28,85
22.01.2022;0;0;0,016510071;0;0,0829;0,00025958;28,85
23.01.2022;0;0;0,00383382;0;0,0829;-0,000297489;28,85
24.01.2022;-0,023574315;-0,018432131;4,18019E-05;-0,059306535;0,0833;3,7918E-05;29,9
25.01.2022;0,018510002;0,022371624;-0,014308333;0,007251304;0,0844;-2,47581E-05;31,16
26.01.2022;0,035444181;0,019954649;0;0,030355291;0,0847;1,1525E-05;31,96
27.01.2022;-0,003597514;-0,006891952;0;0,029267406;0,0846;9,6971E-05;30,49
28.01.2022;0,015098468;0,007723304;-0,004461727;0,009453316;0,0841;0,00023562;27,66
29.01.2022;0;0;-0,004388784;0;0,0841;-0,000346947;27,66
30.01.2022;0;0;-0,008366373;0;0,0841;-4,16687E-05;27,66
31.01.2022;-0,007975857;0,013106742;0,002159903;0,011976151;0,0828;0,000782852;24,83
01.02.2022;-0,017057801;-0,022475606;-0,007817341;0,005039118;0,0813;-0,000985426;21,96
02.02.2022;-0,009063778;0,003476895;0;-0,001231621;0,082;0,000616276;22,09
03.02.2022;0,013496933;0,018330167;0;-0,020492127;0,081;0,000149789;24,35
04.02.2022;0,059432093;0,023707606;-0,004869107;-4,89747E-05;0,0802;0,000254388;23,22
05.02.2022;0;0;-0,004973534;0;0,0802;0,021225465;23,22
06.02.2022;0;0;-0,00667559;0;0,0802;0,002595204;23,22
07.02.2022;0,00664866;-0,006218505;-0,001034739;-6,62631E-05;0,0785;0,003960885;22,86
08.02.2022;-0,024045408;-0,020606322;0,003514261;0,023300238;0,0841;-0,003978003;21,44
09.02.2022;-0,000634451;0,008482045;0;0,024574494;0,0849;0,002842624;19,96
10.02.2022;0,008782139;-0,001529219;0;0,004624986;0,0867;0,000505016;23,91
11.02.2022;-0,017096707;0,033147358;0,021197092;-0,029854257;0,0889;0,003143718;27,36
12.02.2022;0;0;-0,005356756;0;0,0889;0,00014999;27,36
13.02.2022;0;0;-0,015123546;0;0,0889;0,000235489;27,36
14.02.2022;0,041404333;0,021601017;0,009846149;-0,018394979;0,0936;7,59902E-05;28,33
15.02.2022;-0,021006251;-0,033167496;0,000121448;0,034155996;0,094;-0,000581037;25,7
16.02.2022;0,003035378;0,01640223;0;0,012810079;0,095;0,003866153;24,29
17.02.2022;-0,041218825;-0,019407236;0;-0,037113215;0,0953;0,001717643;28,11
18.02.2022;0,009795385;0,00613101;0,013267883;-0,033542386;0,0956;0,001297469;27,75
19.02.2022;0;0;0,047576371;0;0,0956;-0,001224083;27,75
20.02.2022;0;0;0;0;0,0956;-3,17E-05;27,75
21.02.2022;0,029855572;0,019777635;0,080943156;-0,105039033;0,0952;0,001245828;27,75
22.02.2022;-0,011721612;0,015200755;-0,038885847;0,015759595;0,0973;-0,000468517;27,75
23.02.2022;0,005930319;0;0;0;0,0973;-0,000359414;28,81
24.02.2022;0;0,023130938;0;-0,332806006;0,0998;-0,000298796;31,02
25.02.2022;-0,033056111;-0,011606782;0,119815437;0,200357608;0,1002;0,000740746;30,32
26.02.2022;0;0;-0,019380305;0;0,1002;0,001387565;27,59
27.02.2022;0;0;0,125379173;0;0,1002;-0,000197898;27,59
28.02.2022;0,026456179;0,031246809;0,082400069;0;0,2038;-0,001121203;30,15
01.03.2022;0,042532881;0,039409843;-0,053187111;0;0,2038;0,00124829;33,32
02.03.2022;0,03672805;0,07583119;0;0;0,2068;-0,001063147;30,74
03.03.2022;-0,030716389;-0,021871956;0;0;0,204;0,000782151;30,48
04.03.2022;-0,043231751;0,069255839;0;0;0,2072;0,001665542;31,98
05.03.2022;0;0;0;0;0,2044;0,003139114;31,98
06.03.2022;0;0;0,097080304;0;0,2044;-0,003192483;31,98
07.03.2022;0,113544974;0,043180086;0,036988509;0;0,2044;-0,00168769;36,45
08.03.2022;0,054927302;0,03871439;-0,030128304;0;0,2044;-0,000233226;35,13
09.03.2022;-0,082244843;-0,13158306;0;0;0,2039;-0,000171667;32,45
10.03.2022;-0,079996074;-0,016285766;0;0;0,2072;-2,71264E-06;30,23
11.03.2022;-0,021337885;0,030549712;-0,01332229;0;0,2051;0,001902778;30,75
12.03.2022;0;0;-0,032240619;0;0,2051;-0,000644496;30,75
13.03.2022;0;0;-0,03076901;0;0,2051;-0,000866091;30,75
14.03.2022;-0,073040445;-0,051211503;-0,030086412;0;0,2033;-0,000350953;31,77
15.03.2022;-0,034458426;-0,065388213;-0,008099144;0;0,2028;0,003717244;29,83
16.03.2022;-0,016199756;-0,018917025;0;0;0,2005;-0,003306611;26,67
17.03.2022;0,086665841;0,087941236;0;0;0,1995;-6,61729E-06;25,67
18.03.2022;0,007633588;0,012096774;0,007017635;0;0,1925;-0,000310238;23,87
19.03.2022;0;0;-0,005806161;0;0,1925;0,004550139;23,87
20.03.2022;0;0;-0,00876587;0;0,1925;-0,005270905;23,87
21.03.2022;0,077566712;0,071249884;-0,068979021;0;0,1917;0,000273908;23,53
22.03.2022;0,002203568;-0,001210863;-0,003998093;0;0,1922;0,002888419;22,94
23.03.2022;0,065961679;0,05299619;0;0;0,1929;-0,000818236;23,57
24.03.2022;-0,018858658;-0,021134868;0;0,043728344;0,1936;-0,002496178;21,67
25.03.2022;-0,020822905;0,013610014;-0,020376995;-0,036602534;0,1934;0,002735292;20,81
26.03.2022;0;0;-0,07926584;-0,021508536;0,1928;0,000896897;20,81
27.03.2022;0;0;-0,025487835;0;0,1928;-0,003451593;20,81
28.03.2022;-0,077394949;-0,067716535;-0,008032339;0;0,1928;0,000813015;19,63
29.03.2022;-0,03679078;-0,020003556;0,000225393;-0,009137286;0,191;0,000979856;18,9
30.03.2022;0,040612057;0,029211648;0;0,043404789;0,1925;-0,000468919;19,33
31.03.2022;-0,083360973;-0,048832085;0;0,075796946;0,1911;0,01101279;20,56
01.04.2022;-0,013026173;-0,032619776;0,001974146;0,020761898;0,1908;-0,011740133;19,63
02.04.2022;0;0;-0,002885402;0,010164369;0,1908;-0,001243486;19,63
03.04.2022;0;0;-0,009067569;0;0,1908;0,001433738;19,63
04.04.2022;-0,025785164;0;-0,07677714;0;0,1908;-8,02057E-05;18,57
05.04.2022;-0,020697441;0;-0,018419848;-0,044804121;0,1905;-0,000136655;21,03
06.04.2022;-0,038811323;0,03007951;0;-0,01928804;0,1907;0,00432008;22,1
07.04.2022;-0,069829424;-0,00827676;0;0,00917505;0,1921;-0,005621962;21,55
08.04.2022;0,015616046;-0,052231808;0,057575073;-0,016191152;0,1922;0,002555913;21,16
09.04.2022;0;-0,004848125;0,00590958;-0,013715326;0,1623;-0,000513698;21,16
10.04.2022;0;0,021873136;0,002759101;0;0,1623;-0,000908473;21,16
11.04.2022;-0,019184652;-0,041836933;0,01804574;0;0,1623;-0,00012783;24,37
12.04.2022;0,0952107;0,062550772;-0,015307302;-0,006323421;0,1638;0,000456144;24,26
13.04.2022;0,018253447;0,03956422;0;-0,004946891;0,1624;0,000620127;21,82
14.04.2022;0,007866907;0,02684317;0;-0,048919879;0,1622;-0,001142375;22,7
15.04.2022;0;0;-0,007380968;0,008425062;0,1622;0,020810076;22,7
16.04.2022;0;0;-0,005339012;-0,033963027;0,1621;0,006350949;22,7
17.04.2022;0;0;-0,024646742;0;0,1621;-0,012153068;22,7
18.04.2022;0;0,013070725;-0,027009285;0;0,1621;-0,000373513;22,17
19.04.2022;-0,019705694;-0,052226935;-0,019920266;-0,010744334;0,1622;0;21,37
20.04.2022;-0,004307532;-0,004195804;0;0,005726097;0,162;-0,003980977;20,32
21.04.2022;0,022679601;0,014325843;0;-0,025605712;0,1621;-0,002693558;22,68
22.04.2022;-0,02063838;-0,015508169;-0,00195769;-0,017093415;0,1624;0;28,21
23.04.2022;0;0;-0,00889027;-0,020611675;0,1621;0,01479548;28,21
24.04.2022;0;0;0,002303707;0;0,1621;0,001869782;28,21
25.04.2022;-0,111125654;-0,040600094;-0,007973775;0;0,1621;-1,14964E-16;27,02
26.04.2022;0,075099396;0,026094605;-0,017588972;0,060487966;0,1625;0,000151604;33,52
27.04.2022;0,005067799;0,003143156;0;0,045642366;0,1626;0,002769993;31,6
28.04.2022;0,03134369;0,021553361;0;-0,01675549;0,1632;0,000129247;29,99
29.04.2022;0,049286469;0,016265452;0;0,025804855;0,1657;0,004473273;33,4
30.04.2022;0;0;0;-0,029449895;0,1359;-0,003690005;33,4
01.05.2022;0;0;-0,022636106;0;0,1359;0;33,4
02.05.2022;0;-0,016096579;-0,045784833;0;0,1359;0,000628858;32,34
03.05.2022;-0,030474751;-0,024261015;0,017308848;0;0,1359;-0,000237587;29,25
04.05.2022;0,038316665;0,049252167;0;0;0,1359;0,006397137;25,42
05.05.2022;0,044658494;0,006900309;0;0,013332434;0,139;0,001492064;31,2
06.05.2022;0,02634415;0,013435528;0;-0,004894378;0,1409;1,13585E-16;30,19
07.05.2022;0;0;0;-0,002461315;0,1398;0,001178571;30,19
08.05.2022;0;0;0,021586631;0;0,1398;-0,000120342;30,19
09.05.2022;-0,089021118;-0,057389447;-0,044267122;0;0,1398;-0,000947576;34,75
10.05.2022;-0,036372951;-0,032848782;-0,030576852;0;0,1398;-6,81347E-05;32,99
11.05.2022;0,046119086;0,049287527;0;0;0,1398;-0,00189237;32,56
12.05.2022;0,01232372;-0,000558088;0;-0,037387836;0,1402;-0,00130041;31,77
13.05.2022;0,03313253;0,038157282;-0,00525871;0,004182097;0,1406;0,000905429;28,87
14.05.2022;0;0;0,001549386;0,024745395;0,1356;-0,000138838;28,87
15.05.2022;0;0;0,000338355;0;0,1356;-0,000245689;28,87
16.05.2022;0,021987366;0,024114747;-0,018268116;0;0,1356;-0,002452311;27,47
17.05.2022;0,03114228;-0,020220588;-0,056357777;0,025162818;0,1392;0,002157951;26,1
18.05.2022;-0,05925072;-0,025194318;0;0,008745514;0,1391;8,26797E-05;30,96
19.05.2022;0,007474574;0,026853634;0;-0,003570114;0,1382;-0,002633846;29,35
20.05.2022;0,027122355;0,004551946;-0,011505242;-0,025983247;0,1371;0,002862012;29,43
21.05.2022;0;0;-0,021297504;-0,030089413;0,1365;-0,000898876;29,43
22.05.2022;0;0;-0,01175025;0;0,1365;0,001724837;29,43
23.05.2022;0,019893428;0,007729898;0,102130388;0;0,1365;0,001399097;28,48
24.05.2022;0,008243353;0,00123435;0,070160114;-0,003575385;0,135;0,000389541;29,45
25.05.2022;0,003339475;0,004138781;0;0,020299788;0,1355;0,007933628;28,37
26.05.2022;0,041088029;0,029553626;0;0,031142904;0,1331;-0,000584256;27,5
27.05.2022;0,000440966;0,017291312;-0,049777946;-0,002266831;0,106;-0,000683927;25,72
28.05.2022;0;0;-0,023623757;-0,002990542;0,1066;-0,001586213;25,72
29.05.2022;0;0;-0,002168588;0;0,1066;0,003407988;25,72
30.05.2022;0,02292011;0,018755757;0,001654377;0;0,1066;-0,003035095;26,54
31.05.2022;0,056016374;0,009616175;0,006348356;-0,018596978;0,1073;-0,001005135;26,19
01.06.2022;-0,035703356;-0,053321394;0;0,008001698;0,1066;-0,001296014;25,69
02.06.2022;0,020839945;0,011350933;0;-0,014499284;0,1063;-0,000780253;24,72
03.06.2022;0,00238342;0,017940651;-0,013822118;-0,013734045;0,1056;0,00400807;24,79
04.06.2022;0;0;-0,00250207;-0,011208693;0,1039;-0,005276391;24,79
05.06.2022;0;0;-0,011947864;0;0,1039;0,001972926;24,79
06.06.2022;-0,008167063;-0,001754093;-0,030528888;0;0,1039;-0,002928058;25,07
07.06.2022;0,016572858;0,008869551;-0,010472773;0,004145196;0,103;0,000520566;24,02
08.06.2022;0,017430534;0,024964751;0;0,011882424;0,1053;-4,80762E-05;23,96
09.06.2022;0,00977527;-0,004126881;0;-0,010720831;0,1086;0,000195437;26,09
10.06.2022;-0,024051896;-0,008612984;0;-0,003692257;0,1061;-0,000248765;27,75
11.06.2022;0;0;-0,011862647;0,001850782;0,0974;-0,008938619;27,75
12.06.2022;0;0;-0,007535127;0;0,0974;0,00162021;27,75
13.06.2022;0,002249719;0,002130973;0,003647922;0;0,0974;-0,001481204;34,02
14.06.2022;0,038159371;-0,008996483;-0,002795894;0;0,0974;-0,000709004;32,69
15.06.2022;-0,034496314;-0,021952629;0;0,012756851;0,0959;0,000264058;29,62
16.06.2022;-0,034812704;0,010969538;0;0,02190206;0,0932;-0,000601515;32,95
17.06.2022;-0,036595655;-0,055838411;-0,009476266;-0,00665471;0,0901;-0,000960873;31,13
18.06.2022;0;0;-0,026073164;0,021419043;0,0879;0,000808082;31,13
19.06.2022;0;0;-0,02612593;0;0,0879;-0,000233719;31,13
20.06.2022;-0,026710454;0,008928571;0,001482766;0;0,0879;-0,004601014;31,03
21.06.2022;0,008098077;0,004556208;-0,000644704;-0,018961071;0,0887;0,000642265;30,19
22.06.2022;-0,042508089;-0,025381596;0;0,006236195;0,0887;-0,004226039;28,95
23.06.2022;0,010603589;-0,015124396;0;0,013069197;0,0894;0,001641985;29,05
24.06.2022;0,028479188;0,027896411;0,000763267;-0,005418916;0,0886;-0,004340818;27,23
25.06.2022;0;0;-0,007386989;0,010683627;0,0887;0,00228789;27,23
26.06.2022;0;0;-0,034206219;0;0,0887;-0,000347709;27,23
27.06.2022;0,015919283;0,017415134;0,026472888;0;0,0887;-0,000189024;26,95
28.06.2022;0,018980358;0,025110783;0,023904876;-0,003438061;0,0896;-0,000145981;28,36
29.06.2022;0,017110678;-0,014578742;0;-0,012537623;0,0897;0,000465018;28,16
30.06.2022;-0,031196763;-0,012472045;0;-0,073027685;0,09;-0,000454501;28,71
01.07.2022;-0,016045719;-0,027697936;0,024516623;0,00079824;0,0894;0,000717938;26,7
02.07.2022;0;0;0,062193887;-0,000883708;0,0877;-0,000465688;26,7
03.07.2022;0;0;0,075184835;0;0,0877;2,50144E-06;26,7
04.07.2022;0,037305931;0,016751769;0,003682981;0;0,0877;0,000113008;27,53
05.07.2022;-0,122644557;-0,094537445;-0,029715232;0,009969791;0,0876;-3,42126E-05;27,54
06.07.2022;-0,021109475;-0,020239369;0;-0,00213775;0,0886;-3,70714E-05;26,73
07.07.2022;0,069332999;0,039328632;0;0,002146831;0,0895;-0,001591701;26,08
08.07.2022;-0,004924376;0,022646918;0,000621874;-0,001859295;0,0909;0,003230593;24,64
09.07.2022;0;0;-0,039970965;-0,027072994;0,093;-0,001672341;24,64
10.07.2022;0;0;-0,005469458;0;0,093;5,67489E-05;24,64
11.07.2022;0,003299163;0,000747524;-0,004705102;0;0,093;-0,000144753;26,17
12.07.2022;-0,069641809;-0,071055089;-0,007286703;-0,013212538;0,0945;-0,000786102;27,29
13.07.2022;-0,013632921;0,000804101;0;-0,028161423;0,0913;0,001778095;26,82
14.07.2022;-0,035193243;-0,004720297;0;-0,005005594;0,0924;0,00297081;26,4
15.07.2022;0,112747049;0,020787084;-0,021972151;0,022401008;0,0931;-0,010830149;24,23
16.07.2022;0;0;-0,019882747;-0,006209943;0,0933;0,003860465;24,23
17.07.2022;0;0;-0,010604831;0;0,0933;-0,00320232;24,23
18.07.2022;0,049231136;0,050514037;0,029703313;0;0,0933;0,002655229;25,3
19.07.2022;-0,04192229;0,010162793;0,016172583;-0,011991872;0,0937;0,000272824;24,5
20.07.2022;0,026087988;-0,004005589;0;0,001911861;0,0934;0,000264677;23,88
21.07.2022;-0,026927077;-0,028619529;0;-0,010408435;0,093;-0,000464811;23,11
22.07.2022;-0,052375297;-0,006354708;0,006802377;0,020991995;0,092;0,000198531;23,03
23.07.2022;0;0;0,01520194;0,01536187;0,0804;0,00016086;23,03
24.07.2022;0;0;0,026581771;0;0,0804;-0,000811848;23,03
25.07.2022;-0,01240757;0,018895349;-0,000277317;0;0,0804;0,000996925;23,36
26.07.2022;0,00786802;-0,007132668;0,018387757;0,029807981;0,0814;-0,000612481;24,69
27.07.2022;0,018131453;0,021264368;0;0,001733245;0,0821;0,000212101;23,24
28.07.2022;0,005936186;0,004877134;0;-0,003214614;0,0808;0,001024466;22,33
29.07.2022;0,018072289;0,026787381;0,012077945;0,011260027;0,0809;-0,001295793;21,33
30.07.2022;0;0;-0,03047674;-0,015231659;0,0805;-0,000286585;21,33
31.07.2022;0;0;0,001294891;0;0,0805;0,001306789;21,33
01.08.2022;-0,075715493;-0,090719026;0,00034198;0;0,0805;-0,001462393;22,84
02.08.2022;0,011235955;0,00509847;0,001852036;-0,01962763;0,0804;0,000708126;23,93
03.08.2022;-0,034366925;-0,037398051;0;-0,006260235;0,0796;-6,10152E-05;21,95
04.08.2022;-0,078405138;-0,027485018;0;-0,003455874;0,0779;0,001282233;21,44
05.08.2022;0,047909408;0,008499788;-0,000881238;-0,029429551;0,0775;-0,000627075;21,15
06.08.2022;0;0;0,001077651;0,016604277;0,0755;-0,000791191;21,15
07.08.2022;0;0;0,001205669;0;0,0755;-0,001395884;21,15
08.08.2022;0,031033527;0,018225874;0,002790542;0;0,0755;-0,002681793;21,29
09.08.2022;0,018543402;-0,003517848;0,004559333;0,023175637;0,0797;0,001534173;21,77
10.08.2022;-0,020184697;0,01131762;0;0,006879446;0,0788;-0,001149804;19,74
11.08.2022;0,043489969;0,022587269;0;-0,008547525;0,0803;0,000610777;20,2
12.08.2022;-0,038451613;-0,014558233;0,007806329;0,006666323;0,0814;0,000539326;19,53
13.08.2022;0;0;0,000814668;0,008284707;0,08;-0,001792576;19,53
14.08.2022;0;0;-0,010899524;0;0,08;-0,008300818;19,53
15.08.2022;-0,085346216;-0,031074885;-0,01313797;0;0,08;0,002451472;19,95
16.08.2022;-0,01584507;-0,029022082;-0,013758193;0,019957323;0,0796;-0,001397945;19,69
17.08.2022;0,161598092;0,014186701;0;-0,008952466;0,0789;-2,99578E-06;19,9
18.08.2022;-0,005261807;0,031393486;0;0,002627298;0,0791;-0,00036828;19,56
19.08.2022;0,007224874;0,001345895;0,010312504;0,000387366;0,0796;0,000399186;20,6
20.08.2022;0;0;0,002584451;0,015010295;0,0789;-5,32693E-05;20,6
21.08.2022;0;0;0,001687917;0;0,0789;0,001719682;20,6
22.08.2022;-0,041245037;-0,009408602;-0,003791831;0;0,0789;-0,000634706;23,8
23.08.2022;0,071209085;0,035069408;0,005395692;0,014348484;0,0797;0,000552164;24,11
24.08.2022;-0,004739336;0,011797923;0;-0,005247602;0,0795;-0,000535985;22,82
25.08.2022;0,026942356;-0,018736297;0;-0,000836217;0,0797;0,000175984;21,78
26.08.2022;-0,014399024;0,005586025;0,00451305;0,010038552;0,0799;-0,000273366;25,56
27.08.2022;0;0;6,79217E-05;0,01209402;0,0803;0,001028173;25,56
28.08.2022;0;0;-0,002138561;0;0,0803;0,000617804;25,56
29.08.2022;0;0,03959196;-2,6561E-05;0;0,0803;-0,00276569;26,21
30.08.2022;0,008418967;-0,049451083;0,002229527;0,004481063;0,0796;0,001619597;26,21
31.08.2022;-0,040638428;-0,013798038;0;0,040518161;0,0795;-0,000255659;25,87
01.09.2022;-0,052725877;-0,042802363;0;0,019036865;0,0792;-0,000601641;25,56
02.09.2022;0,023912456;0,007145951;0,008812134;0,010499761;0,0784;0,001938818;25,47
03.09.2022;0;0;-0,000802912;0,006874507;0,0787;-0,001529507;25,47
04.09.2022;0;0;0,005373482;0;0,0787;-7,66531E-05;25,47
05.09.2022;0,002638871;0,029241023;-0,006217576;0;0,0787;0,000762365;25,99
06.09.2022;-0,037504935;-0,030394819;-0,005450568;-0,025361271;0,078;-0,000598904;26,91
07.09.2022;-0,045939295;-0,052030594;0;-0,009796605;0,0782;0,000164358;24,64
08.09.2022;0;0,007045455;0;-0,004705255;0,0778;0,000497551;23,61
09.09.2022;0,031527658;0,047619048;-0,000211677;0,014973204;0,078;-0,001535871;22,79
10.09.2022;0;0;-0,006437655;0,009723585;0,0757;-0,000774237;22,79
11.09.2022;0;0;-0,004869514;0;0,0757;0,001684605;22,79
12.09.2022;0,047235343;0,012494614;-0,001820156;0;0,0757;-0,000647249;23,87
13.09.2022;-0,031042717;-0,008829787;0,006122384;-0,001126692;0,0781;-0,003969919;27,27
14.09.2022;0,023274918;0,009981754;0;-0,004495502;0,0771;0,00219115;26,16
15.09.2022;-0,056061012;-0,034643996;0;0,004392645;0,0773;0;26,27
16.09.2022;0,017859674;0,005614267;0,002242152;-0,006122808;0,0756;-1,22107E-05;26,3
17.09.2022;0;0;-0,002499742;-0,000440038;0,0734;-0,001412249;26,3
18.09.2022;0;0;0,014207925;0;0,0734;0,003242007;26,3
19.09.2022;0;0,00711549;-0,017031798;0;0,0734;-0,000348145;25,76
20.09.2022;-0,015318201;-0,02826087;-0,028934446;-0,088404223;0,0739;0,003007675;27,16
21.09.2022;0,005798331;-0,006711409;0;-0,03834506;0,0756;8,45845E-05;27,99
22.09.2022;0,01476378;0,008220721;0;0,02823472;0,075;-0,000149549;27,35
23.09.2022;-0,08008868;-0,050262482;-0,001748691;-0,046100408;0,0749;0,000111765;29,92
24.09.2022;0;0;0,00304488;-0,074894611;0,0746;0,000643095;29,92
25.09.2022;0;0;0,00469097;0;0,0746;-0,000202032;29,92
26.09.2022;-0,010393131;-0,025520405;-0,017716451;0;0,0746;0,000582487;32,26
27.09.2022;0,025418569;0,024257784;-0,036826154;0,010401634;0,0762;-0,001398553;32,6
28.09.2022;0,039186582;0,052433133;0;0,005323887;0,0766;-0,001214697;30,18
29.09.2022;0,01442651;-0,009292432;0;-0,005137841;0,0783;0,000773244;31,84
30.09.2022;-0,008729935;-0,005989377;0,041008197;0,001811882;0,0786;-0,001843589;31,62
01.10.2022;0;0;0,021278037;0,043248131;0,0805;-0,000563046;31,62
02.10.2022;0;0;0,010426713;0;0,0805;-0,000854231;31,62
03.10.2022;0,0171875;0,010231924;0,014293578;0;0,0805;0,000487361;30,1
04.10.2022;0,051668761;0,033085753;0,016498654;0,002184176;0,0785;-0,000236919;29,07
05.10.2022;0,008498207;0,017102397;0;-0,008082407;0,0788;5,88088E-05;28,55
06.10.2022;0,012639895;0,011245582;0;-0,00455692;0,0791;-7,65783E-05;30,52
07.10.2022;0,040956963;0,037068418;0,017390098;-0,037552644;0,0791;-0,00072807;31,36
08.10.2022;0;0;0,02200839;-0,014284612;0,0766;0,001809063;31,36
09.10.2022;0;0;0,001129012;0;0,0766;-0,000314629;31,36
10.10.2022;-0,006869848;-0,017667484;-0,00414393;0;0,0766;0,000860886;32,45
11.10.2022;-0,037856873;-0,019752573;-0,006865464;0,016948622;0,0757;-0,000273366;33,63
12.10.2022;-0,018954248;-0,019514265;0;0,001123388;0,0758;0,001028173;33,57
13.10.2022;0,011459027;0,022931314;0;0,001818974;0,0761;-0,000323144;31,94
14.10.2022;-0,019365038;-0,046737866;-0,020496132;-0,002158347;0,076;-0,000871794;32,02
15.10.2022;0;0;-0,000974687;0,031712268;0,0757;0,001051445;32,02
16.10.2022;0;0;-0,001826485;0;0,0757;-0,000417758;32,02
17.10.2022;-0,025120903;0,000332779;-0,001440157;0;0,0757;0,000730235;31,37
18.10.2022;-0,036516467;-0,017520515;-0,004975464;0,009712597;0,0762;-0,000554272;30,5
19.10.2022;0,01673341;0,022121896;0;-0,026569573;0,0763;0,000277251;30,76
20.10.2022;0,043325362;-0,001214664;0;0,023812171;0,0763;-3,92286E-05;29,98
21.10.2022;-0,021572064;0,00983969;-0,000537619;0,008985391;0,0766;7,84617E-05;29,69
22.10.2022;0;0;0,002774558;0,009903558;0,0758;-0,002892296;29,69
23.10.2022;0;0;0,001550562;0;0,0758;0,01439792;29,69
24.10.2022;0,005236324;-0,001423254;-0,001120016;0;0,0758;-0,002297144;29,85
25.10.2022;0,002604524;0,005810766;0,002858591;0,032316674;0,0761;-0,002774432;28,46
26.10.2022;0,015996719;0,043056464;0;-0,004726257;0,0757;0,001665717;27,28
27.10.2022;0,020051137;0,013272024;0;0,020777335;0,0756;-7,29802E-05;27,39
28.10.2022;0,000131926;-0,012273102;0,001439847;0,00141363;0,0755;3,64921E-05;25,75
29.10.2022;0;0;-0,003170899;-0,000502837;0,0752;-1,09559E-05;25,75
30.10.2022;0;0;0,003093077;0;0,0752;0,000795618;25,75
31.10.2022;-0,010156971;-0,009815182;0,007757536;0;0,0752;-0,000936714;25,88
01.11.2022;0,022521322;-0,001898134;0;0,003572401;0,0756;0,001857989;25,81
02.11.2022;0,021764629;0,015953513;0;-0,000234553;0,0756;0,000154052;25,86
03.11.2022;-0,013137755;-0,015495008;0;-0,008243477;0,0762;-0,002187765;25,3
04.11.2022;0,034251002;0,041195733;-0,01383031;0,024518535;0,0763;0,001132511;24,55
05.11.2022;0;0;-0,004234389;0;0,0763;0,000442945;24,55
06.11.2022;0;0;0,00137264;0;0,0763;-0,001501062;24,55
07.11.2022;0,034491377;-0,006594298;0,002985534;0;0,0763;0,004342517;24,35
08.11.2022;-0,029113312;-0,026143791;-0,016744661;-0,000715327;0,0758;0,000807685;25,54
09.11.2022;-0,05648874;-0,028418624;0;-0,018412468;0,0761;-0,000817062;26,09
10.11.2022;0;0,011009174;0;0,020059449;0,0751;0,000211431;23,53
11.11.2022;0,025979164;0,024767802;0,002994126;0,003357436;0,0717;-0,000257311;22,52
12.11.2022;0;0;-0,001433818;0,012325023;0,0695;0,00012262;22,52
13.11.2022;0;0;0,000610165;0;0,0695;0,000117288;22,52
14.11.2022;-0,015552699;-0,029690593;0,000679388;0;0,0695;-0,006936566;23,73
15.11.2022;-0,017234626;0,007730298;-0,000253356;-0,009582273;0,0712;-0,000264604;24,54
16.11.2022;-0,028298127;-0,010654166;0;0,001767674;0,075;0,000652184;24,11
17.11.2022;-0,001503965;-0,03316821;0;-0,006402687;0,0753;0,009629538;23,93
18.11.2022;-0,039846638;-0,02405881;0,006025763;-0,00298699;0,0752;-0,009921257;23,12
19.11.2022;0;0;-0,001338538;-0,018134269;0,0738;-2,46623E-05;23,12
20.11.2022;0;0;-0,002510856;0;0,0738;0,000916767;23,12
21.11.2022;-0,072304621;-0,001940196;-0,001945316;0;0,0738;0,000224599;22,36
22.11.2022;0,087778632;0,010405946;0,001541733;0,013723798;0,0723;-0,000166702;21,29
23.11.2022;-0,052996043;-0,033386148;0;0,007217537;0,0698;-0,002970718;20,35
24.11.2022;0,002387703;-0,000819576;0;-0,000424976;0,0689;0,002787688;20,42
25.11.2022;-0,015185351;-0,020037497;0,004502337;-0,007137203;0,0702;0,000214588;20,5
26.11.2022;0;-0,00526127;0,005303529;-0,008072268;0,0705;8,5547E-05;20,5
27.11.2022;0;0;-0,003174827;0;0,0705;0,004885894;20,5
28.11.2022;-0,026455026;0;0,004395511;0;0,0705;1,32581E-06;22,21
29.11.2022;0;-0,001923308;0,010253827;0,00361432;0,0706;0,000439319;21,89
30.11.2022;0,033229814;0,028905215;0;-0,004937492;0,0713;-0,000250206;20,58
01.12.2022;0,043733093;0,01697296;0;0,005867935;0,0716;-1,36417E-05;19,84
02.12.2022;-0,080633549;-0,015308471;0,006637;-0,003131729;0,0736;1,24826E-05;19,06
03.12.2022;0;-0,033781414;0,011665211;0,012768065;0,0726;0,000496998;19,06
04.12.2022;0;0;0,000427593;0;0,0726;-0,001953776;19,06
05.12.2022;-0,029913861;0;-0,005799432;0;0,0726;7,2059E-05;20,75
06.12.2022;-0,075395544;-0,036172272;-0,003050876;-0,005452207;0,0721;0,000865239;22,17
07.12.2022;-0,041208312;-0,026107694;0;-0,001529887;0,0725;-0,000575104;22,68
08.12.2022;-0,039883446;-0,012888259;0;-0,00385338;0,0726;0,000285656;22,29
09.12.2022;0,01839909;0,000130565;0,006189355;-0,003012227;0,073;-0,000147508;22,83
10.12.2022;0;0,022715405;0,007083295;-0,0021535;0,0722;-0,000590483;22,83
11.12.2022;0;0;0,002325508;0;0,0722;0,003924145;22,83
12.12.2022;0,019929223;0;0,01487555;0;0,0722;0,000303836;25
13.12.2022;0,035244704;0,032167475;0,004763497;0,000561394;0,0719;-0,002199899;22,55
14.12.2022;0,028752866;0,023373732;0;-0,006700761;0,0724;0,001449538;21,14
15.12.2022;-0,01766118;-0,017280967;0;-0,015283752;0,0727;0,008136981;22,83
16.12.2022;-0,043288532;-0,022503689;0,026925541;0,00279763;0,074;-0,000396078;22,62
17.12.2022;0;0,008177129;0,040036234;-0,001298793;0,0738;0,000104319;22,62
18.12.2022;0;0;0,022055339;0;0,0738;0,003546524;22,62
19.12.2022;0,036124795;0;0,022757694;0;0,0738;-0,000220566;22,42
20.12.2022;-0,055291425;0,004866484;-0,047893682;-0,004981267;0,0742;0,000282239;21,48
21.12.2022;0,01528425;0,025456352;0;-0,001528756;0,074;0,000866556;20,07
22.12.2022;0,024049936;-0,011019617;0;0,003203962;0,0736;-0,002621286;21,97
23.12.2022;0,021692363;0,034651647;-0,003309744;0,000522867;0,0733;0,002975009;20,87
24.12.2022;0;0,002130178;0,021708228;0,007151533;0,0738;-0,003375507;20,87
25.12.2022;0;0;0,019897161;0;0,0738;0,009511329;20,87
26.12.2022;0;0;0,009136908;0;0,0738;-0,002612383;20,87
27.12.2022;0;0;-0,022788971;0,005473983;0,0732;0,00442917;21,65
28.12.2022;-0,020705387;0;0;-0,005183828;0,0736;-0,004899604;22,14
29.12.2022;-0,001254256;-0,016769013;0;0,003406908;0,0736;0,001797244;21,44
30.12.2022;0,009687836;-0,012010569;0;0,003288217;0,074;3,08364E-06;21,67
31.12.2022;0;0,044371505;0;0,008616047;0,0736;-3,23615E-05;21,67
01.01.2023;0;-0,044348737;0;0;0,0736;5,6254E-05;21,67
02.01.2023;0,047974414;0;0;0;0,0736;-4,92007E-05;21,67
03.01.2023;-0,041878603;0;0;0;0,0736;-8,8956E-06;22,9
04.01.2023;-0,105821978;-0,051887942;0;-0,001960712;0,0736;1,48374E-05;22,01
05.01.2023;0,034632891;0,010919836;0;-0,005418692;0,0736;0,000110319;22,46
06.01.2023;0,005547054;-0,001524971;-0,0005303;-0,00012983;0,0736;-0,000188714;21,13
07.01.2023;0;0,013745704;-0,00982643;0,003297177;0,0736;0,000129528;21,13
08.01.2023;0;0;-0,008464374;0;0,0736;-0,001677411;21,13
09.01.2023;-0,002092448;0;-0,018004874;0;0,0736;0,003000316;21,97
10.01.2023;-0,026687;0,005649718;-0,00299657;-0,001844234;0,0725;-0,002824356;20,58
11.01.2023;0,046415981;0,032084894;0;0,012720478;0,0702;0,001053731;21,09
12.01.2023;0,045854389;0,01645095;0;-0,000480114;0,069;-0,000715841;18,83
13.01.2023;0,004831782;0,01487564;0,01057797;0,006409171;0,0677;0,000944545;18,35
14.01.2023;0;-0,009615385;0,00549428;0,011345764;0,0685;-0,000495841;18,35
15.01.2023;0;0;0,003035052;0;0,0685;0,000686095;18,35
16.01.2023;-0,009795191;0;-0,000378959;0;0,0685;-0,00105363;19,49
17.01.2023;0,022661871;0,017286289;-0,002630482;-0,012611803;0,0694;4,05803E-05;19,36
18.01.2023;0,036229335;-0,01094041;0;-0,000264016;0,0699;0,001140174;20,34
19.01.2023;-0,02460964;0,01388562;0;-0,012489414;0,0696;-0,001098246;20,52
20.01.2023;0,030972681;0,017061281;-0,000535931;-0,000986707;0,0695;-0,001301411;19,85
21.01.2023;0;0,006390506;0,001808279;0,008593754;0,0698;0,003527694;19,85
22.01.2023;0;0;0,002972966;0;0,0698;5,42421E-05;19,85
23.01.2023;0,034261603;0;0,002450792;0;0,0698;-0,005350788;19,81
24.01.2023;-0,040306789;-0,023358657;0,003050937;-0,005747468;0,0695;0,00675311;19,2
25.01.2023;-0,007991838;-0,000116104;0;-0,00119664;0,0697;-0,004932499;19,08
26.01.2023;0,01851217;0,015675801;0;-0,001488376;0,0696;0,001780638;18,73
27.01.2023;-0,015987883;-0,009260318;0,003684891;0,010351097;0,0697;0,000455483;18,51
28.01.2023;0;-0,020309255;0,013287313;0,006878754;0,07;-0,001024642;18,51
29.01.2023;0;0;-0,005611381;0;0,07;0,000477489;18,51
30.01.2023;-0,014708397;0;-0,001145152;0;0,07;-7,27292E-05;19,94
31.01.2023;-0,027078632;-0,004829211;0,004901387;0,009612549;0,0714;0,000101375;19,4
01.02.2023;0,002319358;-0,019528938;0;0,002044393;0,0707;-0,001709933;17,87
02.02.2023;-0,046635813;-0,00808788;0;0,00600408;0,0701;0,004880506;18,73
03.02.2023;0,001120239;-0,027138858;0,003046117;0,002121647;0,0699;-0,004193283;18,33
04.02.2023;0;0,013134851;0,004154444;0,010705867;0,0696;0,000672768;18,33
05.02.2023;0;0;0,009647014;0;0,0696;0,004787245;18,33
06.02.2023;-0,018649758;0;0,018422299;0;0,0696;0,000427573;19,43
07.02.2023;0,047510452;0,033337449;-0,001407506;-0,002059524;0,0687;-0,000125115;18,66
08.02.2023;0,017597968;0,016728402;0;-0,006932164;0,069;0,000386179;19,63
09.02.2023;-0,001069709;-0,006933835;0;0,004653703;0,0688;-0,000474985;20,71
10.02.2023;0,042834196;0,022366864;0,011517702;-0,000384539;0,0687;-0,001786535;20,53
11.02.2023;0;0,002546591;0,003175306;0,001189434;0,0683;0,003348078;20,53
12.02.2023;0;0;0,004646346;0;0,0683;-0,000544735;20,53
13.02.2023;0,00102687;0;0,007493832;0;0,0683;0,000184817;20,34
14.02.2023;-0,014019491;-0,011892391;-6,68773E-05;-0,014150256;0,0724;0,000914925;18,91
15.02.2023;-0,02722386;-0,002336995;0;-0,02946381;0,0711;-0,000899197;18,23
16.02.2023;0,018003565;-0,002810963;0;-0,005769781;0,0715;-0,000162077;20,17
17.02.2023;-0,03852215;-0,025135072;-0,009572117;0,006926777;0,0724;0,001779087;20,02
18.02.2023;0;0,012891566;0,011025996;0,006773081;0,0727;-0,00293684;20,02
19.02.2023;0;0;-0,002015774;0;0,0727;0,001312232;20,02
20.02.2023;0,006920415;0;0;0;0,0727;2,54875E-05;21,23
21.02.2023;-0,002170374;-0,012132747;0;0,013212308;0,0739;0,00151003;22,87
22.02.2023;-0,035164038;-0,031306442;0;-9,03987E-06;0,0743;-0,000644959;22,29
23.02.2023;0,02498591;0,018645121;0;-0,001975231;0,0741;-0,000761894;21,14
24.02.2023;0,005131965;0,010616229;0,009685619;0;0,0741;0,001843498;21,67
25.02.2023;0;-0,00446752;-0,007146806;0,014977152;0,0741;-0,000572125;21,67
26.02.2023;0;0;0,004781475;0;0,0741;-5,92995E-05;21,67
27.02.2023;-0,010940919;0;0,0029448;0;0,0741;0,00269513;20,95
28.02.2023;0,111172566;0,01746513;-0,000181522;0,005381286;0,0742;-0,0024402;20,7
01.03.2023;-0,006304961;0,005006556;0;0,011756822;0,0762;0,001486868;20,58
02.03.2023;0,023877108;0,005218835;0;-0,011120128;0,076;0,000156378;19,59
03.03.2023;0,01369863;0,012743363;0,00018023;0,007940381;0,0761;0,000639639;18,49
04.03.2023;0;0,004077828;-0,000200072;0,009647038;0,076;-0,002020274;18,49
05.03.2023;0;0;0;0;0,076;0,00234274;18,49
06.03.2023;0,007561133;0;0,005898669;0;0,076;0,001286863;18,61
07.03.2023;-0,028420885;-0,033534463;0,000498005;0,000645128;0,0761;-0,002353998;19,59
08.03.2023;-0,029416598;-0,007563933;0;-0,002378463;0,0755;0,002464697;19,11
09.03.2023;0,009143244;-0,012944592;0;0;0,0755;-0,002129792;22,61
10.03.2023;-0,006711409;0,014585121;-0,006316779;-0,006065131;0,0733;0,002327084;24,8
11.03.2023;0;-0,024281227;-0,003554159;-0,002978583;0,0706;-0,00749454;24,8
12.03.2023;0;0;0,007354437;0;0,0706;0,004998597;24,8
13.03.2023;-0,021114865;0;0,008763534;0;0,0706;0,001717981;26,52
14.03.2023;-0,037618637;-0,04110437;0,00255073;0,009187167;0,0708;0,002979254;23,73
15.03.2023;-0,122287968;-0,053841188;0;-0,012334521;0,0737;-0,007461537;26,14
16.03.2023;0,019203269;0,013782751;0;-0,001701981;0,0733;0,003373232;22,99
17.03.2023;-0,020444979;-0,020460358;0,008325893;0,028588889;0,0729;0,001074604;25,51
18.03.2023;0;0,010581283;-0,005241953;0,032021974;0,0727;-0,00450419;25,51
19.03.2023;0;0;0,001546124;0;0,0727;-0,00107345;25,51
20.03.2023;-0,009412728;0;-0,00843208;0;0,0727;0,005966554;24,15
21.03.2023;0,058045858;0,020261082;0,001843863;0,000412989;0,0731;0,00012656;21,38
22.03.2023;0,029090199;0,017992803;0;-0,001780539;0,0732;0,000293698;22,26
23.03.2023;-0,000948587;-0,006153443;0;-0,002310057;0,0709;0,001651121;22,61
24.03.2023;-0,051842005;-0,012119615;0,001547459;0,001331463;0,0707;-0,000865826;21,74
25.03.2023;0;0,041738899;0,000361778;0,020551697;0,0716;0,000247602;21,74
26.03.2023;0;0;0,005016065;0;0,0716;0,000862759;21,74
27.03.2023;0,042459443;0;0,001405595;0;0,0716;-0,000612378;20,6
28.03.2023;0,093756004;0,006784434;0,003074476;0,00061868;0,0745;0,000876206;19,97
29.03.2023;0,005972247;-0,004704387;0;0,007648873;0,0746;-0,001488125;19,12
30.03.2023;0,003143007;0,012646909;0;0,002056183;0,0736;0,000646007;19,02
31.03.2023;0,018276762;0,006307556;0,008117864;-0,006188335;0,0725;0,000228269;18,7
01.04.2023;0;0,064685972;0,018027992;0,00924237;0,0715;-0,000400494;18,7
02.04.2023;0;0;0,001761675;0;0,0715;0,000152154;18,7
03.04.2023;0,105128205;0;0,014783115;0;0,0715;0,000958962;18,55
04.04.2023;-0,005723125;0,000117744;0,021414059;0,002882765;0,0702;-0,000293552;19
05.04.2023;0,018979465;0,000588651;0;0,008204157;0,0698;2,34302E-05;19,08
06.04.2023;0,012519084;0,001529592;0;-0,00099968;0,0695;-9,87692E-05;18,4
07.04.2023;0;-0,011043233;-0,007945504;0,004038746;0,0715;-0,000222724;18,4
08.04.2023;0;0;0,005331272;0,015531875;0,071;-0,000520493;18,4
09.04.2023;0,005277443;0;-0,001052569;0;0,071;0,000384552;18,4
10.04.2023;0;0;-0,005086889;0;0,071;-0,000247979;18,97
11.04.2023;0;0,016987408;-0,002097316;-0,005362435;0,0736;0,000287702;19,1
12.04.2023;0,021748913;0,020091111;0;0,001886576;0,0718;-0,000430693;19,09
13.04.2023;-0,011890781;-0,014199015;0;0,00228878;0,072;0,000314878;17,8
14.04.2023;0,001782796;0,002555465;0,001514027;0,004154417;0,0731;-0,002364149;17,07
15.04.2023;-0,024321519;-0,017958522;-0,000307493;0,016149676;0,0738;0,002174811;17,07
16.04.2023;0;0;0,000638458;0;0,0738;0,001627887;17,07
17.04.2023;0;0;-0,000442105;0;0,0738;-0,006592572;16,95
18.04.2023;-0,001367989;0,00011798;-0,0016234;0,00751509;0,0742;0,001829566;16,83
19.04.2023;0,004109589;-0,019464433;0;-0,003467629;0,073;0,003987618;16,46
20.04.2023;-0,038957102;-0,024302214;0;0,01200821;0,0727;-0,005111431;17,17
21.04.2023;-0,000788644;0,006905055;-0,00259921;0,000796103;0,0721;0,002661207;16,77
22.04.2023;0,009155485;0,01310311;0,003388517;-0,001712154;0,0701;0,001368397;16,77
23.04.2023;0;0;0,000950338;0;0,0701;-0,001528784;16,77
24.04.2023;0;0;-0,000824478;0;0,0701;0,00509145;16,89
25.04.2023;-0,028312216;-0,023691527;-0,012883751;-0,003251841;0,0696;-0,001560915;18,76
26.04.2023;-0,004507405;-0,03813297;0;-0,002485858;0,0686;-0,001122762;18,84
27.04.2023;-0,033150065;0,008752735;0;0,00986517;0,0683;6,04908E-05;17,03
28.04.2023;0,040307744;0,014929182;0;-0,004247632;0,0755;0,000903999;15,78
29.04.2023;0;-0,002891627;-0,006811635;-0,020657017;0,0759;-0,002103665;15,78
30.04.2023;0;0;-0,008176496;0;0,0759;0,003774515;15,78
01.05.2023;0;0;-0,008740705;0;0,0759;0,003852512;16,08
02.05.2023;-0,065273312;-0,050308914;-0,022810215;0;0,0759;-0,005122904;17,78
03.05.2023;-0,079119367;-0,039697292;0;-0,018635851;0,0729;0,00282517;18,34
04.05.2023;0,009525588;0,002350339;0;-0,003123495;0,0711;5,23658E-06;20,09
05.05.2023;0,046808511;0,03862069;0;0,005438679;0,0696;-0,000500923;17,19
06.05.2023;0,034464475;0,022709163;0;-0,004195821;0,0701;-0,000615349;17,19
07.05.2023;0;0;-0,001663614;0;0,0701;0,000345183;17,19
08.05.2023;0;0;-0,010539437;0;0,0701;0,005502013;16,98
09.05.2023;-0,034853921;0,00558369;0,017388245;0,008324135;0,0701;-0,008216394;17,71
10.05.2023;0,029385732;-0,01330062;0;0;0,0701;0,004033706;16,94
11.05.2023;-0,019432502;-0,018714828;0;0,018241173;0,0695;-4,61361E-06;16,93
12.05.2023;-0,017186952;-0,010802881;0,024562167;-0,011540892;0,0689;-0,001117594;17,03
13.05.2023;0,007494647;0,014291493;0,011117516;0,017893551;0,0734;0,000346865;17,03
14.05.2023;0;0;0,009807476;0;0,0734;-8,08854E-05;17,03
15.05.2023;0;0;-0,009008942;0;0,0734;-0,00446001;17,12
16.05.2023;-0,00513638;-0,004253622;-0,011697149;0,008670775;0,0739;0,009209302;17,99
17.05.2023;0,016912943;0,027366173;0,011117516;0,000292363;0,0732;0,000289025;16,87
18.05.2023;-0,004551821;-0,014293139;0,009807476;-0,000595943;0,0728;-0,00985458;16,05
19.05.2023;-0,006683081;-0,00369101;-0,009008942;-0,002563703;0,073;0,000975085;16,81
20.05.2023;0,005311615;0,005424716;-0,001590522;0,002703567;0,0729;0,008119547;16,81
21.05.2023;0;0;0;0;0,0729;-0,002931801;16,81
22.05.2023;0;0;0;0;0,0729;-0,008078351;17,21
23.05.2023;0,020781965;0,011185682;0,000357906;0,003189962;0,072;0,002389755;18,53
24.05.2023;0,013457557;0,019781364;0,00285972;0,00504607;0,073;0,003423091;20,03
25.05.2023;-0,036772217;-0,026799387;-0,002489818;-0,001887013;0,0724;0,000219522;19,14
26.05.2023;0,013962531;0,009047994;0,000215089;0,012094431;0,0732;-0,003917775;17,95
27.05.2023;0;0,001559454;-0,000217543;0,01863141;0,0736;-0,000319378;17,95
28.05.2023;0;0;0;0;0,0736;0,006779604;17,95
29.05.2023;0;0;0;0;0,0736;0,005319151;17,46
30.05.2023;-0,039567718;-0,045802517;0,001110462;-0,012170571;0,074;-0,007483116;17,46
31.05.2023;-0,02722323;-0,011966277;0,007890776;0,006999537;0,0748;0,007539535;17,94
01.06.2023;0,034514925;0,022295623;0,003804817;0,001504982;0,0747;-0,007483116;15,65
